technology_id,technology_name,category,expected_release_date,product_impact_score,adoption_potential_score,risk_score,market_readiness_score,rd_investment_score,status
1,AI Washing Cycle Optimization V1,5G Integration,2028-04-07,4,8,4,6,7,Upcoming
2,AI-Based Fault Detection V2,Firmware,2027-04-04,8,4,9,7,2,Pilot
3,Biometric Access Control V3,Robotics,2027-10-16,8,4,3,5,5,Pilot
4,Predictive Maintenance V4,Display Technology,2027-06-25,5,4,3,5,9,Commercial
5,Voice Assistant Integration V5,Firmware,2027-10-09,9,5,6,3,7,Pilot
6,AI-Based Fault Detection V6,AI,2026-07-10,7,4,5,1,10,Pilot
7,Predictive Maintenance V7,Smart Home,2026-09-05,10,9,6,4,6,Pilot
8,Digital Twin Home Simulation V8,IoT,2026-08-21,10,4,7,1,2,Research
9,Neural Processing Unit Integration V9,Automation,2027-09-24,10,6,6,2,5,Research
10,Gesture Control Interface V10,Connectivity,2026-08-31,9,9,6,3,7,Research
11,Edge AI Device Processing V11,Security,2026-12-25,9,8,5,7,8,Commercial
12,Cloud Connected Appliance V12,IoT,2027-06-14,6,7,3,5,8,Pilot
13,Energy Efficient Compressor V13,Edge Computing,2026-10-16,7,7,8,10,1,Research
14,Wi-Fi 7 Connectivity V14,Connectivity,2026-07-15,6,4,2,2,3,Research
15,AI Smart TV Recommendation V15,Home Appliance,2027-11-03,7,8,2,9,9,Research
16,Security Firmware Update V16,Energy Efficiency,2026-07-29,4,9,9,8,7,Research
17,Low Power IoT Sensor V17,AI,2027-02-02,5,6,6,8,1,Pilot
18,Advanced OLED Panel V18,Display Technology,2027-12-13,5,5,3,10,5,Commercial
19,Gesture Control Interface V19,Robotics,2026-09-16,9,10,6,8,5,Pilot
20,Mini LED Display Enhancement V20,AI,2027-02-07,8,5,3,7,7,Pilot
21,AR Appliance Interface V21,Robotics,2026-06-21,8,9,8,4,6,Upcoming
22,5G Enabled Smart Device V22,5G Integration,2027-06-13,4,10,6,3,8,Research
23,Matter Smart Home Support V23,Home Appliance,2026-05-31,4,10,5,5,5,Commercial
24,AI-Powered HVAC Control V24,Cloud Computing,2028-01-08,6,9,2,4,5,Pilot
25,Bluetooth 5.4 V25,IoT,2027-02-16,7,6,6,7,4,Pilot
26,Smart Diagnosis Feature V26,Sustainability,2028-02-14,4,9,4,10,2,Upcoming
27,5G Enabled Smart Device V27,Edge Computing,2028-05-01,6,6,5,1,8,Upcoming
28,Gesture Control Interface V28,Sustainability,2026-07-04,6,10,2,1,7,Commercial
29,Smart Energy Monitoring V29,Connectivity,2027-11-26,9,8,8,7,3,Research
30,Gesture Control Interface V30,Home Appliance,2027-08-31,9,7,8,8,3,Research
31,Neural Processing Unit Integration V31,IoT,2027-09-23,5,7,3,6,9,Research
32,AI-Powered HVAC Control V32,Automation,2026-07-10,7,6,6,6,4,Commercial
33,Biometric Access Control V33,Firmware,2027-10-19,9,4,9,1,8,Research
34,Digital Twin Home Simulation V34,5G Integration,2027-06-24,8,8,7,3,1,Upcoming
35,Self-Healing Firmware V35,IoT,2027-12-30,10,7,6,4,3,Research
36,Cloud Connected Appliance V36,Security,2027-09-08,5,8,3,7,9,Research
37,Bluetooth 5.4 V37,Connectivity,2027-11-26,6,4,4,9,7,Upcoming
38,Cloud Connected Appliance V38,Audio,2026-11-09,7,7,5,5,2,Pilot
39,Gesture Control Interface V39,Robotics,2026-08-18,6,6,2,8,3,Pilot
40,AR Appliance Interface V40,Sustainability,2028-04-14,5,6,3,8,7,Commercial
41,Self-Healing Firmware V41,AI,2026-07-27,10,4,8,2,3,Commercial
42,Matter Smart Home Support V42,Cloud Computing,2027-05-30,10,10,6,5,2,Research
43,Gesture Control Interface V43,Audio,2027-01-03,8,4,6,6,3,Research
44,Low Power IoT Sensor V44,Automation,2027-03-02,5,9,4,4,10,Commercial
45,Advanced OLED Panel V45,Security,2026-12-17,4,9,8,4,5,Research
46,AI Washing Cycle Optimization V46,Audio,2028-05-06,9,10,9,7,6,Research
47,Predictive Maintenance V47,Display Technology,2027-05-28,7,7,7,2,9,Research
48,Security Firmware Update V48,Display Technology,2027-10-11,8,8,2,10,2,Research
49,Mini LED Display Enhancement V49,Robotics,2028-03-12,4,7,9,5,5,Commercial
50,AI Noise Cancellation V50,Security,2028-03-20,6,10,2,1,3,Research
51,Sustainable Energy Recovery V51,Firmware,2028-04-25,8,10,6,4,5,Pilot
52,Self-Healing Firmware V52,Connectivity,2027-11-02,5,7,3,1,6,Commercial
53,AI-Powered HVAC Control V53,Connectivity,2028-04-14,8,9,9,7,5,Research
54,AR Appliance Interface V54,Smart Home,2027-01-30,6,10,4,7,9,Pilot
55,Voice Assistant Integration V55,Connectivity,2027-07-24,6,5,6,8,4,Commercial
56,Energy Efficient Compressor V56,Connectivity,2028-03-15,6,5,5,5,10,Upcoming
57,AI-Based Fault Detection V57,Security,2027-07-26,8,10,2,4,1,Commercial
58,AI-Based Fault Detection V58,Robotics,2027-06-16,10,5,3,2,6,Pilot
59,Wi-Fi 7 Connectivity V59,Energy Efficiency,2027-12-09,5,7,9,7,4,Upcoming
60,Smart Refrigerator Food Detection V60,IoT,2026-09-28,6,6,2,10,10,Pilot
61,Cloud Connected Appliance V61,AI,2027-11-05,4,6,2,1,9,Commercial
62,Quantum Dot Display V62,Edge Computing,2027-07-22,10,6,7,2,8,Research
63,Edge AI Device Processing V63,AI,2027-02-02,10,6,3,10,6,Upcoming
64,Home Automation Gateway V64,Display Technology,2026-09-03,5,4,5,9,6,Research
65,5G Enabled Smart Device V65,Connectivity,2028-03-22,8,9,6,1,5,Commercial
66,Bluetooth 5.4 V66,Smart Home,2028-04-14,7,10,9,9,9,Research
67,Sustainable Energy Recovery V67,Energy Efficiency,2028-02-19,9,8,9,6,9,Pilot
68,Matter Smart Home Support V68,Connectivity,2026-06-28,5,4,6,2,2,Upcoming
69,Cloud Connected Appliance V69,IoT,2027-09-14,7,4,4,10,4,Pilot
70,Voice Assistant Integration V70,AI,2027-05-15,7,10,9,1,9,Commercial
71,Mini LED Display Enhancement V71,Edge Computing,2028-02-26,5,7,3,8,7,Pilot
72,Quantum Dot Display V72,Smart Home,2027-06-23,6,10,6,2,4,Pilot
73,Mini LED Display Enhancement V73,5G Integration,2026-11-26,7,5,5,4,2,Commercial
74,AR Appliance Interface V74,Sustainability,2027-09-25,9,5,4,10,1,Commercial
75,AI Smart TV Recommendation V75,5G Integration,2028-04-15,7,9,5,9,7,Upcoming
76,Smart Diagnosis Feature V76,AI,2027-03-14,10,10,7,6,10,Pilot
77,AI-Powered HVAC Control V77,5G Integration,2027-02-25,7,6,4,2,6,Pilot
78,Edge AI Device Processing V78,Sustainability,2027-02-06,7,4,8,10,6,Pilot
79,Mini LED Display Enhancement V79,Display Technology,2028-01-28,10,6,9,8,1,Upcoming
80,Home Automation Gateway V80,Security,2028-03-03,6,9,4,9,4,Research
81,Self-Healing Firmware V81,AI,2027-11-28,8,6,7,6,3,Pilot
82,Energy Efficient Compressor V82,Security,2028-01-24,10,9,4,9,4,Pilot
83,Self-Healing Firmware V83,Smart Home,2026-09-08,9,9,4,4,6,Upcoming
84,Wi-Fi 7 Connectivity V84,Security,2027-10-29,10,4,7,10,7,Commercial
85,Predictive Maintenance V85,Security,2026-06-11,4,6,4,3,1,Commercial
86,Digital Twin Home Simulation V86,Cloud Computing,2027-11-25,7,10,5,1,1,Upcoming
87,Gesture Control Interface V87,Firmware,2027-05-07,5,10,6,1,4,Commercial
88,Predictive Maintenance V88,Robotics,2027-01-02,9,4,8,7,6,Pilot
89,Edge AI Device Processing V89,Firmware,2026-11-15,10,4,8,6,4,Upcoming
90,Neural Processing Unit Integration V90,Security,2027-05-19,10,10,8,10,7,Pilot
91,Smart Refrigerator Food Detection V91,Cloud Computing,2027-09-24,6,6,4,4,4,Research
92,Security Firmware Update V92,Display Technology,2027-11-20,10,5,8,3,10,Commercial
93,AR Appliance Interface V93,5G Integration,2028-03-14,8,6,9,7,2,Upcoming
94,Low Power IoT Sensor V94,Home Appliance,2026-07-10,6,8,7,4,9,Upcoming
95,AI Smart TV Recommendation V95,IoT,2026-08-14,8,4,3,8,4,Pilot
96,AI-Based Fault Detection V96,AI,2027-01-23,8,7,5,8,6,Upcoming
97,AI Washing Cycle Optimization V97,Sustainability,2027-10-18,9,10,5,1,3,Commercial
98,AI Smart TV Recommendation V98,Audio,2027-03-20,6,5,4,7,3,Pilot
99,Voice Assistant Integration V99,Home Appliance,2026-08-30,8,7,2,4,6,Upcoming
100,Energy Efficient Compressor V100,Edge Computing,2028-01-13,6,4,4,2,3,Pilot
101,Home Automation Gateway V101,Energy Efficiency,2027-08-07,8,4,5,4,7,Research
102,Quantum Dot Display V102,Home Appliance,2027-11-04,8,7,4,8,7,Commercial
103,Smart Refrigerator Food Detection V103,Firmware,2026-12-12,7,8,2,1,3,Pilot
104,Smart Energy Monitoring V104,Home Appliance,2027-05-11,5,8,6,10,2,Upcoming
105,Low Power IoT Sensor V105,AI,2027-08-18,10,9,9,5,10,Pilot
106,Quantum Dot Display V106,Edge Computing,2028-05-07,10,4,5,4,7,Upcoming
107,Voice Assistant Integration V107,Connectivity,2028-04-03,7,10,8,1,2,Commercial
108,Quantum Dot Display V108,5G Integration,2026-09-11,6,8,8,2,1,Commercial
109,AR Appliance Interface V109,Automation,2027-12-18,5,7,7,5,1,Pilot
110,AI Washing Cycle Optimization V110,Robotics,2026-09-18,7,6,7,1,6,Pilot
111,Smart Energy Monitoring V111,Cloud Computing,2028-05-01,6,6,3,8,8,Upcoming
112,Bluetooth 5.4 V112,Energy Efficiency,2027-05-03,9,7,5,1,3,Upcoming
113,Self-Healing Firmware V113,Security,2028-05-02,5,7,5,9,3,Research
114,Smart Energy Monitoring V114,Security,2027-08-19,7,9,4,5,9,Upcoming
115,Edge AI Device Processing V115,Home Appliance,2027-05-27,5,6,4,8,8,Pilot
116,Quantum Dot Display V116,Smart Home,2026-10-21,4,10,7,8,1,Commercial
117,Digital Twin Home Simulation V117,Audio,2027-05-30,4,5,3,10,10,Upcoming
118,Energy Efficient Compressor V118,Security,2027-11-09,9,7,4,3,4,Pilot
119,Sustainable Energy Recovery V119,Security,2027-05-22,4,6,2,7,6,Commercial
120,Self-Healing Firmware V120,Firmware,2028-01-22,9,7,4,9,5,Pilot
121,Energy Efficient Compressor V121,Home Appliance,2027-06-01,8,7,3,1,6,Commercial
122,AI-Powered HVAC Control V122,Sustainability,2027-04-01,8,10,9,1,10,Upcoming
123,Security Firmware Update V123,Security,2027-04-18,8,4,3,6,2,Research
124,AI-Powered HVAC Control V124,Energy Efficiency,2027-03-12,8,10,9,4,1,Commercial
125,Smart Diagnosis Feature V125,Sustainability,2026-10-20,8,9,9,7,8,Research
126,Bluetooth 5.4 V126,Firmware,2027-11-02,6,4,2,7,6,Research
127,AI-Based Fault Detection V127,Energy Efficiency,2028-03-03,10,4,4,2,6,Research
128,AR Appliance Interface V128,Security,2027-08-08,6,8,7,6,10,Research
129,Smart Refrigerator Food Detection V129,Automation,2027-05-06,4,7,7,8,10,Upcoming
130,Smart Diagnosis Feature V130,Firmware,2027-02-18,10,5,7,5,4,Upcoming
131,AI-Powered HVAC Control V131,Audio,2027-02-23,6,4,8,2,6,Research
132,Advanced OLED Panel V132,Cloud Computing,2027-07-06,7,6,9,10,2,Pilot
133,Biometric Access Control V133,Firmware,2028-01-10,6,9,8,5,8,Upcoming
134,Home Automation Gateway V134,Connectivity,2027-11-08,7,7,6,1,6,Upcoming
135,Biometric Access Control V135,Home Appliance,2026-07-22,5,7,2,5,6,Upcoming
136,Mini LED Display Enhancement V136,IoT,2027-01-27,8,7,2,5,7,Research
137,5G Enabled Smart Device V137,5G Integration,2027-11-20,10,5,9,1,10,Commercial
138,Self-Healing Firmware V138,Connectivity,2026-11-20,10,5,4,5,3,Commercial
139,Smart Diagnosis Feature V139,Edge Computing,2026-10-27,8,6,7,10,8,Research
140,AI-Based Fault Detection V140,Firmware,2026-12-31,5,10,7,4,7,Pilot
141,Neural Processing Unit Integration V141,5G Integration,2028-01-07,8,10,8,4,1,Pilot
142,Bluetooth 5.4 V142,Home Appliance,2027-05-09,5,6,8,2,1,Commercial
143,Gesture Control Interface V143,Sustainability,2027-11-02,9,8,6,8,7,Pilot
144,Sustainable Energy Recovery V144,Cloud Computing,2027-10-22,8,9,4,9,1,Commercial
145,Digital Twin Home Simulation V145,Home Appliance,2027-01-24,6,8,6,5,1,Pilot
146,Wi-Fi 7 Connectivity V146,5G Integration,2028-05-08,10,6,2,5,3,Research
147,Mini LED Display Enhancement V147,Audio,2026-06-11,9,10,7,8,8,Research
148,Wi-Fi 7 Connectivity V148,Sustainability,2027-11-20,7,7,3,6,9,Pilot
149,Neural Processing Unit Integration V149,Robotics,2027-06-06,9,4,8,3,2,Pilot
150,Voice Assistant Integration V150,Robotics,2027-02-13,8,10,2,10,10,Pilot
151,Smart Refrigerator Food Detection V151,5G Integration,2027-04-21,4,6,5,10,7,Research
152,Self-Healing Firmware V152,Smart Home,2027-10-20,4,7,8,4,10,Commercial
153,AR Appliance Interface V153,Audio,2027-09-17,10,9,5,7,9,Pilot
154,Security Firmware Update V154,Home Appliance,2027-02-07,6,4,4,5,10,Pilot
155,Smart Diagnosis Feature V155,Home Appliance,2027-03-12,9,8,5,9,9,Pilot
156,Digital Twin Home Simulation V156,Connectivity,2026-10-12,9,5,4,10,6,Research
157,Bluetooth 5.4 V157,Display Technology,2027-12-31,10,7,7,5,3,Commercial
158,Digital Twin Home Simulation V158,Smart Home,2026-12-19,5,5,5,2,6,Pilot
159,Quantum Dot Display V159,Security,2027-08-27,7,8,5,8,9,Commercial
160,Matter Smart Home Support V160,IoT,2028-05-06,10,6,6,9,3,Pilot
161,Edge AI Device Processing V161,Robotics,2028-02-07,4,7,8,10,6,Upcoming
162,Security Firmware Update V162,Automation,2026-06-17,10,7,3,2,10,Commercial
163,AI-Powered HVAC Control V163,Sustainability,2026-09-05,5,10,7,7,4,Research
164,Low Power IoT Sensor V164,Connectivity,2027-01-17,7,6,4,7,1,Upcoming
165,AI-Powered HVAC Control V165,Sustainability,2026-11-18,5,10,4,6,7,Research
166,Home Automation Gateway V166,Home Appliance,2028-03-29,6,10,8,6,3,Research
167,Biometric Access Control V167,AI,2027-01-17,6,5,2,1,1,Research
168,Advanced OLED Panel V168,Display Technology,2027-03-24,10,7,3,10,10,Upcoming
169,AR Appliance Interface V169,Connectivity,2027-10-25,8,8,4,8,9,Upcoming
170,Digital Twin Home Simulation V170,AI,2026-10-22,4,9,7,1,7,Pilot
171,AI-Powered HVAC Control V171,Robotics,2026-05-29,4,10,2,6,5,Pilot
172,Low Power IoT Sensor V172,Security,2026-08-27,7,4,3,4,10,Upcoming
173,Predictive Maintenance V173,Security,2028-03-01,9,9,8,2,9,Research
174,AI Washing Cycle Optimization V174,AI,2026-10-06,8,9,8,6,4,Research
175,Sustainable Energy Recovery V175,Connectivity,2026-11-14,5,10,5,6,4,Upcoming
176,Mini LED Display Enhancement V176,Cloud Computing,2026-06-16,6,10,5,6,3,Research
177,AR Appliance Interface V177,Cloud Computing,2028-02-09,5,4,8,3,9,Research
178,Bluetooth 5.4 V178,Firmware,2027-06-04,7,4,8,2,4,Pilot
179,AI-Based Fault Detection V179,Connectivity,2027-03-26,7,10,8,7,3,Commercial
180,AI Smart TV Recommendation V180,IoT,2028-01-11,8,6,6,2,6,Research
181,Neural Processing Unit Integration V181,Connectivity,2026-10-08,6,4,8,10,6,Commercial
182,AI-Based Fault Detection V182,Smart Home,2027-08-06,4,7,9,10,7,Commercial
183,AR Appliance Interface V183,Cloud Computing,2027-09-14,9,7,3,8,4,Pilot
184,Low Power IoT Sensor V184,Sustainability,2026-11-04,5,6,8,2,8,Commercial
185,Predictive Maintenance V185,Security,2027-10-17,5,4,3,4,7,Pilot
186,Matter Smart Home Support V186,Connectivity,2026-10-19,9,4,4,8,6,Commercial
187,Voice Assistant Integration V187,IoT,2026-09-11,8,7,8,3,5,Commercial
188,AI Smart TV Recommendation V188,Smart Home,2026-12-20,9,8,3,7,7,Commercial
189,Wi-Fi 7 Connectivity V189,Security,2026-06-04,10,4,2,1,3,Commercial
190,Gesture Control Interface V190,Connectivity,2027-06-26,4,8,4,10,3,Commercial
191,Biometric Access Control V191,Energy Efficiency,2027-12-19,5,6,3,5,8,Commercial
192,Gesture Control Interface V192,Edge Computing,2027-08-24,4,4,4,7,3,Commercial
193,AI Washing Cycle Optimization V193,Sustainability,2026-11-11,9,8,6,2,2,Upcoming
194,Low Power IoT Sensor V194,AI,2027-12-04,7,4,7,5,5,Research
195,AI Noise Cancellation V195,Automation,2027-12-30,6,6,4,2,4,Research
196,AI Smart TV Recommendation V196,Edge Computing,2026-08-29,7,7,7,8,4,Upcoming
197,Low Power IoT Sensor V197,Energy Efficiency,2027-02-07,7,5,4,7,9,Commercial
198,Predictive Maintenance V198,AI,2028-03-12,6,5,6,1,9,Research
199,Smart Energy Monitoring V199,Firmware,2026-07-07,8,10,8,8,1,Commercial
200,AI Smart TV Recommendation V200,Automation,2026-06-23,9,9,9,9,4,Upcoming
201,Neural Processing Unit Integration V201,5G Integration,2026-11-23,10,8,9,5,4,Commercial
202,Biometric Access Control V202,Display Technology,2027-12-18,9,9,4,5,6,Pilot
203,Smart Refrigerator Food Detection V203,AI,2026-11-13,8,7,5,4,6,Pilot
204,AR Appliance Interface V204,Edge Computing,2027-01-23,10,6,9,7,6,Commercial
205,Energy Efficient Compressor V205,Home Appliance,2027-05-03,7,9,6,4,6,Upcoming
206,Low Power IoT Sensor V206,Security,2027-03-18,8,10,7,9,6,Research
207,Mini LED Display Enhancement V207,Connectivity,2028-04-16,6,6,9,2,10,Upcoming
208,Cloud Connected Appliance V208,Robotics,2026-08-03,10,9,4,10,5,Commercial
209,Smart Diagnosis Feature V209,Display Technology,2026-06-07,10,7,8,10,1,Pilot
210,Smart Diagnosis Feature V210,Connectivity,2027-04-13,5,9,8,8,6,Commercial
211,AI Smart TV Recommendation V211,Robotics,2027-01-16,5,10,7,1,5,Upcoming
212,Cloud Connected Appliance V212,Energy Efficiency,2028-04-07,7,10,7,6,1,Pilot
213,Neural Processing Unit Integration V213,Security,2028-01-14,9,5,3,9,9,Upcoming
214,Home Automation Gateway V214,Home Appliance,2026-08-16,5,7,9,2,2,Upcoming
215,Voice Assistant Integration V215,Audio,2027-11-23,4,9,3,1,10,Commercial
216,Biometric Access Control V216,Home Appliance,2026-08-22,7,4,2,7,2,Upcoming
217,Home Automation Gateway V217,Sustainability,2027-10-24,7,8,5,6,1,Commercial
218,Security Firmware Update V218,Firmware,2028-02-23,6,10,2,4,2,Commercial
219,Wi-Fi 7 Connectivity V219,Home Appliance,2027-05-18,9,7,8,2,1,Upcoming
220,Self-Healing Firmware V220,Cloud Computing,2027-10-24,9,5,3,7,2,Upcoming
221,Smart Refrigerator Food Detection V221,Firmware,2027-11-13,10,10,4,8,1,Upcoming
222,Edge AI Device Processing V222,AI,2027-12-03,5,4,7,5,7,Pilot
223,Matter Smart Home Support V223,Cloud Computing,2027-05-18,4,6,9,9,1,Pilot
224,Bluetooth 5.4 V224,5G Integration,2026-09-13,6,8,7,4,2,Pilot
225,AI-Powered HVAC Control V225,Display Technology,2026-10-20,9,8,3,7,10,Research
226,Sustainable Energy Recovery V226,Connectivity,2027-10-29,9,8,5,5,1,Commercial
227,AI-Powered HVAC Control V227,Smart Home,2028-03-19,6,8,2,3,10,Commercial
228,Digital Twin Home Simulation V228,Cloud Computing,2027-10-08,7,4,9,10,2,Commercial
229,AI-Powered HVAC Control V229,Energy Efficiency,2026-07-16,10,9,4,8,1,Research
230,Smart Diagnosis Feature V230,Sustainability,2027-04-23,4,6,8,3,2,Pilot
231,AR Appliance Interface V231,Home Appliance,2027-12-08,9,9,4,9,3,Pilot
232,AI Smart TV Recommendation V232,IoT,2027-12-14,10,9,7,7,7,Upcoming
233,Mini LED Display Enhancement V233,Security,2027-08-04,7,8,2,1,9,Research
234,AI Smart TV Recommendation V234,Automation,2027-05-04,5,7,4,7,7,Research
235,AR Appliance Interface V235,5G Integration,2027-01-26,8,8,2,8,9,Pilot
236,Self-Healing Firmware V236,Smart Home,2026-07-23,8,7,5,10,2,Commercial
237,Security Firmware Update V237,Connectivity,2028-03-01,4,7,8,10,10,Research
238,Advanced OLED Panel V238,Smart Home,2027-03-14,8,6,7,2,8,Commercial
239,Cloud Connected Appliance V239,Sustainability,2026-11-10,4,4,6,6,6,Research
240,Biometric Access Control V240,Firmware,2026-12-04,4,4,2,8,3,Pilot
241,Quantum Dot Display V241,Security,2027-05-17,6,9,2,4,7,Upcoming
242,Cloud Connected Appliance V242,Connectivity,2026-10-19,4,7,3,8,1,Commercial
243,Home Automation Gateway V243,Smart Home,2027-03-12,8,10,6,4,1,Research
244,Quantum Dot Display V244,Sustainability,2026-11-09,6,8,3,6,3,Commercial
245,Biometric Access Control V245,Home Appliance,2026-06-11,5,10,7,9,3,Commercial
246,Security Firmware Update V246,Display Technology,2026-08-18,5,10,4,10,1,Commercial
247,AI-Powered HVAC Control V247,Audio,2026-12-08,8,6,4,1,1,Commercial
248,Wi-Fi 7 Connectivity V248,Sustainability,2027-06-17,5,4,5,9,2,Research
249,Predictive Maintenance V249,IoT,2026-10-21,9,7,4,9,3,Commercial
250,Neural Processing Unit Integration V250,Sustainability,2027-12-10,8,5,3,1,7,Commercial
251,Wi-Fi 7 Connectivity V251,Firmware,2028-01-17,10,7,2,1,8,Commercial
252,AI Noise Cancellation V252,Energy Efficiency,2027-04-18,5,5,3,8,7,Upcoming
253,AI Smart TV Recommendation V253,Audio,2027-08-12,6,5,5,5,7,Research
254,Advanced OLED Panel V254,Connectivity,2027-06-14,9,9,7,10,1,Research
255,Matter Smart Home Support V255,Automation,2026-12-18,7,10,8,6,3,Research
256,Bluetooth 5.4 V256,Display Technology,2027-01-30,4,8,4,2,4,Upcoming
257,Neural Processing Unit Integration V257,Firmware,2027-09-15,4,9,8,5,10,Commercial
258,AR Appliance Interface V258,Connectivity,2026-07-21,9,8,6,5,5,Pilot
259,Digital Twin Home Simulation V259,Home Appliance,2027-08-23,7,9,6,3,5,Upcoming
260,Predictive Maintenance V260,Firmware,2027-11-15,9,6,7,8,3,Upcoming
261,Digital Twin Home Simulation V261,Sustainability,2027-01-26,4,8,3,8,2,Upcoming
262,Wi-Fi 7 Connectivity V262,Display Technology,2026-07-15,5,7,3,4,5,Commercial
263,AI Washing Cycle Optimization V263,Automation,2026-09-21,8,6,9,5,8,Commercial
264,Sustainable Energy Recovery V264,Security,2027-03-28,7,7,7,3,3,Commercial
265,Gesture Control Interface V265,Sustainability,2028-02-28,6,10,2,6,4,Research
266,Predictive Maintenance V266,5G Integration,2027-08-01,6,10,2,5,10,Pilot
267,Neural Processing Unit Integration V267,Edge Computing,2026-06-16,8,5,5,1,1,Research
268,Bluetooth 5.4 V268,Firmware,2028-01-24,10,5,4,7,5,Research
269,5G Enabled Smart Device V269,Display Technology,2026-08-15,8,6,8,1,1,Upcoming
270,Wi-Fi 7 Connectivity V270,Sustainability,2028-04-02,4,8,4,1,6,Pilot
271,Sustainable Energy Recovery V271,Audio,2027-06-27,4,4,2,3,8,Pilot
272,Predictive Maintenance V272,Cloud Computing,2027-01-19,4,10,6,8,7,Research
273,Self-Healing Firmware V273,AI,2027-11-10,9,5,6,4,1,Research
274,Wi-Fi 7 Connectivity V274,Security,2028-01-21,4,7,4,4,4,Commercial
275,Self-Healing Firmware V275,Security,2028-04-13,4,7,3,2,6,Upcoming
276,Wi-Fi 7 Connectivity V276,Smart Home,2026-12-11,5,4,3,1,5,Commercial
277,AI Washing Cycle Optimization V277,Audio,2028-01-16,10,4,8,9,6,Upcoming
278,Edge AI Device Processing V278,Automation,2028-01-28,9,5,5,3,3,Pilot
279,Matter Smart Home Support V279,5G Integration,2027-02-01,5,9,9,8,6,Research
280,Sustainable Energy Recovery V280,Connectivity,2027-04-17,10,6,8,1,8,Research
281,AI Smart TV Recommendation V281,Sustainability,2027-07-04,4,10,9,3,2,Research
282,Smart Refrigerator Food Detection V282,Home Appliance,2028-04-16,4,10,5,10,6,Commercial
283,Edge AI Device Processing V283,IoT,2027-05-03,9,6,7,4,10,Research
284,AR Appliance Interface V284,Home Appliance,2026-08-17,7,8,9,5,7,Pilot
285,Advanced OLED Panel V285,IoT,2027-12-13,4,4,3,6,1,Commercial
286,Gesture Control Interface V286,Sustainability,2026-10-07,9,5,7,5,10,Upcoming
287,Neural Processing Unit Integration V287,Display Technology,2026-12-18,9,9,8,10,4,Upcoming
288,Smart Energy Monitoring V288,Security,2028-03-01,9,9,5,9,10,Commercial
289,Home Automation Gateway V289,Firmware,2027-04-16,10,9,7,2,3,Upcoming
290,Energy Efficient Compressor V290,Automation,2027-07-23,8,4,8,6,7,Commercial
291,Mini LED Display Enhancement V291,Home Appliance,2027-01-31,7,7,5,6,1,Upcoming
292,Predictive Maintenance V292,Display Technology,2027-01-17,4,10,6,6,1,Upcoming
293,Smart Diagnosis Feature V293,Home Appliance,2026-07-10,8,7,6,2,7,Commercial
294,Security Firmware Update V294,Automation,2027-10-05,4,7,6,2,2,Commercial
295,Biometric Access Control V295,Robotics,2026-06-26,4,8,4,8,3,Upcoming
296,Wi-Fi 7 Connectivity V296,Edge Computing,2027-03-03,8,9,2,3,7,Pilot
297,AI Smart TV Recommendation V297,Automation,2027-10-05,10,5,3,10,5,Pilot
298,Matter Smart Home Support V298,Security,2027-03-16,10,4,8,1,3,Research
299,Gesture Control Interface V299,Robotics,2027-08-15,4,6,8,6,6,Commercial
300,Neural Processing Unit Integration V300,Firmware,2027-09-26,9,5,8,5,8,Research
301,Predictive Maintenance V301,Robotics,2028-03-30,8,5,2,7,1,Research
302,Wi-Fi 7 Connectivity V302,Energy Efficiency,2027-11-15,10,7,6,3,7,Research
303,AI-Powered HVAC Control V303,Audio,2027-08-09,5,6,2,1,9,Research
304,Cloud Connected Appliance V304,Energy Efficiency,2026-07-08,4,8,8,5,2,Upcoming
305,AI-Powered HVAC Control V305,Sustainability,2027-02-19,5,6,2,9,1,Commercial
306,Low Power IoT Sensor V306,Automation,2026-11-30,4,5,3,7,4,Research
307,Smart Refrigerator Food Detection V307,Display Technology,2027-09-28,8,6,6,9,10,Pilot
308,AI Smart TV Recommendation V308,AI,2027-05-21,10,7,8,6,1,Research
309,Digital Twin Home Simulation V309,AI,2026-11-25,9,9,8,4,5,Commercial
310,Gesture Control Interface V310,Home Appliance,2027-12-21,7,10,2,3,4,Pilot
311,Advanced OLED Panel V311,Audio,2027-06-30,5,6,5,10,6,Research
312,Low Power IoT Sensor V312,Display Technology,2027-08-27,8,6,8,7,9,Upcoming
313,Voice Assistant Integration V313,Automation,2027-09-11,7,8,2,5,9,Pilot
314,Smart Energy Monitoring V314,AI,2026-07-27,8,10,7,4,5,Commercial
315,Edge AI Device Processing V315,Audio,2027-03-13,9,4,6,1,10,Commercial
316,Mini LED Display Enhancement V316,Robotics,2028-04-21,10,4,6,6,1,Research
317,Self-Healing Firmware V317,Home Appliance,2026-06-03,6,6,6,8,4,Research
318,AR Appliance Interface V318,5G Integration,2026-09-16,4,4,7,8,10,Pilot
319,Gesture Control Interface V319,Connectivity,2028-03-09,6,9,2,8,9,Commercial
320,AI Noise Cancellation V320,AI,2027-04-13,8,9,5,8,2,Commercial
321,Energy Efficient Compressor V321,Robotics,2027-07-26,4,5,3,10,7,Pilot
322,Neural Processing Unit Integration V322,5G Integration,2026-08-17,8,6,7,2,6,Commercial
323,Biometric Access Control V323,Energy Efficiency,2027-11-30,4,5,8,5,5,Pilot
324,Sustainable Energy Recovery V324,Smart Home,2026-10-25,4,10,4,4,1,Pilot
325,AR Appliance Interface V325,Audio,2027-04-27,6,9,6,5,6,Research
326,AI Noise Cancellation V326,Robotics,2026-06-22,5,9,2,5,3,Commercial
327,Matter Smart Home Support V327,Edge Computing,2026-10-03,7,5,2,10,5,Upcoming
328,Matter Smart Home Support V328,Automation,2027-04-18,6,5,9,8,6,Research
329,AI Noise Cancellation V329,Security,2027-02-15,10,9,3,3,6,Commercial
330,Home Automation Gateway V330,Firmware,2027-09-22,7,8,9,6,3,Commercial
331,Quantum Dot Display V331,Connectivity,2027-07-18,5,4,9,5,1,Research
332,Energy Efficient Compressor V332,Security,2026-08-15,10,8,2,1,9,Upcoming
333,Sustainable Energy Recovery V333,Sustainability,2027-10-19,5,5,8,8,9,Commercial
334,Energy Efficient Compressor V334,Display Technology,2027-09-03,4,10,3,2,10,Research
335,Voice Assistant Integration V335,Edge Computing,2026-08-31,7,8,9,4,5,Commercial
336,Smart Energy Monitoring V336,Connectivity,2026-09-20,7,6,6,9,9,Upcoming
337,Quantum Dot Display V337,Cloud Computing,2027-10-22,10,8,5,1,9,Upcoming
338,Advanced OLED Panel V338,Firmware,2028-02-27,4,4,2,3,6,Commercial
339,Advanced OLED Panel V339,5G Integration,2027-01-18,9,8,3,2,10,Research
340,Sustainable Energy Recovery V340,Security,2027-05-31,8,8,4,7,9,Pilot
341,Biometric Access Control V341,AI,2026-08-22,9,6,5,4,7,Commercial
342,Advanced OLED Panel V342,Connectivity,2026-12-04,9,5,4,3,5,Research
343,Bluetooth 5.4 V343,Audio,2026-07-27,4,5,8,9,3,Pilot
344,Neural Processing Unit Integration V344,Smart Home,2027-08-05,7,4,3,8,7,Upcoming
345,Quantum Dot Display V345,Edge Computing,2028-03-08,10,9,5,5,3,Research
346,AR Appliance Interface V346,Smart Home,2026-06-03,4,6,7,9,7,Commercial
347,AI-Based Fault Detection V347,5G Integration,2027-03-31,9,8,4,3,10,Upcoming
348,Cloud Connected Appliance V348,IoT,2027-05-14,9,7,8,3,8,Pilot
349,Bluetooth 5.4 V349,Home Appliance,2028-05-05,4,6,8,4,9,Research
350,Wi-Fi 7 Connectivity V350,Edge Computing,2026-12-16,10,5,2,3,10,Upcoming
351,AR Appliance Interface V351,Home Appliance,2027-01-15,6,8,6,9,2,Commercial
352,Home Automation Gateway V352,AI,2027-10-04,6,8,3,4,7,Upcoming
353,Self-Healing Firmware V353,IoT,2028-03-05,7,10,6,2,9,Commercial
354,Smart Diagnosis Feature V354,Edge Computing,2027-09-03,7,5,3,10,10,Research
355,AI-Powered HVAC Control V355,AI,2026-06-27,7,8,8,4,7,Upcoming
356,Sustainable Energy Recovery V356,IoT,2026-10-05,8,8,2,5,10,Upcoming
357,Predictive Maintenance V357,Display Technology,2027-06-16,5,7,9,10,3,Pilot
358,Edge AI Device Processing V358,Automation,2026-10-01,6,8,4,2,4,Research
359,Home Automation Gateway V359,Automation,2027-10-02,10,7,8,7,4,Research
360,Security Firmware Update V360,AI,2027-06-17,7,9,9,1,5,Commercial
361,AI Noise Cancellation V361,5G Integration,2026-09-30,7,8,8,5,7,Commercial
362,AR Appliance Interface V362,Security,2028-03-17,10,6,2,3,3,Upcoming
363,Biometric Access Control V363,Security,2027-12-31,5,4,8,9,3,Research
364,Quantum Dot Display V364,Smart Home,2028-01-26,4,10,6,8,9,Commercial
365,Wi-Fi 7 Connectivity V365,Audio,2027-07-04,6,10,9,1,8,Pilot
366,Energy Efficient Compressor V366,Home Appliance,2027-05-06,5,5,9,8,10,Research
367,Home Automation Gateway V367,Sustainability,2027-06-21,6,6,3,9,8,Commercial
368,Edge AI Device Processing V368,Sustainability,2027-02-28,5,4,9,7,1,Upcoming
369,Digital Twin Home Simulation V369,Home Appliance,2028-02-08,7,9,5,1,3,Pilot
370,Smart Refrigerator Food Detection V370,Sustainability,2027-05-10,10,4,3,8,7,Research
371,Smart Diagnosis Feature V371,IoT,2027-09-18,9,4,2,1,7,Research
372,Quantum Dot Display V372,Security,2026-11-11,8,10,3,6,5,Commercial
373,Matter Smart Home Support V373,Security,2027-05-13,10,5,7,9,1,Pilot
374,Wi-Fi 7 Connectivity V374,5G Integration,2027-11-06,7,6,7,3,2,Research
375,Advanced OLED Panel V375,Edge Computing,2027-04-16,10,6,5,6,4,Upcoming
376,Mini LED Display Enhancement V376,AI,2027-07-26,10,9,5,7,1,Pilot
377,Edge AI Device Processing V377,Home Appliance,2028-01-31,6,8,3,8,8,Commercial
378,AR Appliance Interface V378,Edge Computing,2027-01-28,6,7,2,9,3,Upcoming
379,Edge AI Device Processing V379,Robotics,2027-12-23,10,10,3,9,8,Pilot
380,Voice Assistant Integration V380,Automation,2027-01-07,6,6,4,5,8,Pilot
381,Gesture Control Interface V381,Robotics,2027-04-16,5,9,8,8,8,Upcoming
382,Predictive Maintenance V382,Home Appliance,2028-05-08,9,9,2,10,1,Research
383,Wi-Fi 7 Connectivity V383,Cloud Computing,2026-10-24,9,7,6,7,1,Commercial
384,AR Appliance Interface V384,Sustainability,2027-08-11,8,4,6,8,1,Research
385,Predictive Maintenance V385,Automation,2026-07-04,8,10,7,8,6,Pilot
386,Self-Healing Firmware V386,Cloud Computing,2027-07-04,10,4,9,5,1,Pilot
387,Digital Twin Home Simulation V387,Smart Home,2027-01-21,5,6,8,1,4,Upcoming
388,Cloud Connected Appliance V388,5G Integration,2027-12-15,8,6,4,9,8,Commercial
389,AR Appliance Interface V389,Edge Computing,2026-12-16,10,4,3,6,2,Upcoming
390,Sustainable Energy Recovery V390,Connectivity,2027-01-06,4,8,4,3,5,Commercial
391,Quantum Dot Display V391,Security,2026-06-07,4,4,7,3,3,Upcoming
392,Matter Smart Home Support V392,Audio,2028-02-07,10,9,2,5,5,Commercial
393,Cloud Connected Appliance V393,Connectivity,2027-12-06,4,8,3,8,10,Pilot
394,Quantum Dot Display V394,Connectivity,2026-12-11,8,8,3,10,1,Commercial
395,Low Power IoT Sensor V395,Home Appliance,2026-08-10,7,9,6,3,7,Pilot
396,Neural Processing Unit Integration V396,Connectivity,2027-09-16,9,10,2,2,10,Research
397,Voice Assistant Integration V397,Smart Home,2027-05-19,7,5,5,3,3,Commercial
398,Voice Assistant Integration V398,Edge Computing,2027-05-11,7,5,7,8,5,Commercial
399,Gesture Control Interface V399,Security,2027-10-21,9,6,2,9,7,Research
400,Energy Efficient Compressor V400,Smart Home,2026-10-29,6,7,4,1,1,Pilot
401,AR Appliance Interface V401,Security,2027-02-01,8,8,4,6,8,Research
402,Home Automation Gateway V402,Home Appliance,2027-10-15,6,10,6,8,8,Pilot
403,Edge AI Device Processing V403,Edge Computing,2027-12-06,7,10,6,3,10,Research
404,Quantum Dot Display V404,Edge Computing,2028-04-17,5,6,9,7,9,Research
405,Wi-Fi 7 Connectivity V405,Smart Home,2028-04-25,10,5,9,1,5,Research
406,Predictive Maintenance V406,Audio,2027-06-18,6,8,8,6,6,Commercial
407,AI-Powered HVAC Control V407,Smart Home,2026-08-07,10,4,8,10,2,Research
408,Gesture Control Interface V408,Connectivity,2028-02-14,4,10,6,9,6,Research
409,Energy Efficient Compressor V409,Robotics,2028-02-07,8,10,5,2,8,Upcoming
410,Voice Assistant Integration V410,Edge Computing,2026-07-21,9,9,2,4,5,Research
411,AI Washing Cycle Optimization V411,AI,2027-12-12,9,8,4,5,9,Upcoming
412,Digital Twin Home Simulation V412,Edge Computing,2026-08-25,8,6,7,3,8,Pilot
413,5G Enabled Smart Device V413,Edge Computing,2027-03-19,8,10,7,1,4,Commercial
414,Advanced OLED Panel V414,Firmware,2027-04-08,6,7,2,10,6,Research
415,Edge AI Device Processing V415,Smart Home,2027-07-20,9,7,6,7,3,Upcoming
416,Smart Diagnosis Feature V416,Edge Computing,2026-10-19,6,7,9,6,8,Pilot
417,AI Smart TV Recommendation V417,Sustainability,2026-07-24,10,7,8,6,1,Commercial
418,Cloud Connected Appliance V418,Automation,2027-05-03,10,4,4,5,9,Commercial
419,AR Appliance Interface V419,Sustainability,2028-05-03,10,6,7,5,5,Pilot
420,Wi-Fi 7 Connectivity V420,Energy Efficiency,2027-07-05,8,7,4,3,3,Research
421,Edge AI Device Processing V421,Firmware,2026-09-02,5,6,7,8,9,Commercial
422,Wi-Fi 7 Connectivity V422,Energy Efficiency,2028-04-07,7,6,8,5,5,Commercial
423,Quantum Dot Display V423,Cloud Computing,2028-01-15,4,10,2,3,3,Research
424,AR Appliance Interface V424,Sustainability,2026-08-09,8,10,9,8,9,Research
425,Smart Diagnosis Feature V425,5G Integration,2026-09-18,6,10,6,10,10,Research
426,Digital Twin Home Simulation V426,Home Appliance,2028-04-15,4,7,3,8,2,Pilot
427,Smart Refrigerator Food Detection V427,Robotics,2026-11-29,10,7,9,3,10,Pilot
428,Biometric Access Control V428,Firmware,2026-10-20,10,10,8,5,3,Research
429,AI-Powered HVAC Control V429,Firmware,2028-01-31,6,7,9,7,6,Pilot
430,Digital Twin Home Simulation V430,Display Technology,2028-04-08,4,4,3,4,9,Commercial
431,AI Washing Cycle Optimization V431,Security,2026-06-06,7,8,7,10,8,Commercial
432,Quantum Dot Display V432,Automation,2026-09-15,6,6,4,2,7,Pilot
433,5G Enabled Smart Device V433,IoT,2026-07-04,7,4,2,6,10,Research
434,Biometric Access Control V434,Robotics,2027-01-31,10,4,6,5,5,Research
435,Low Power IoT Sensor V435,Connectivity,2027-08-25,9,9,9,7,6,Pilot
436,Voice Assistant Integration V436,5G Integration,2027-03-31,9,4,7,2,7,Commercial
437,Wi-Fi 7 Connectivity V437,Security,2027-11-11,9,6,9,2,3,Commercial
438,Edge AI Device Processing V438,Home Appliance,2028-04-09,9,4,4,8,4,Upcoming
439,Smart Diagnosis Feature V439,Automation,2027-09-25,5,6,2,4,6,Commercial
440,Sustainable Energy Recovery V440,Home Appliance,2028-02-11,8,9,3,5,1,Pilot
441,Predictive Maintenance V441,Audio,2027-09-21,9,10,8,8,2,Pilot
442,Gesture Control Interface V442,AI,2026-06-06,4,10,8,8,3,Research
443,Digital Twin Home Simulation V443,Sustainability,2027-08-24,8,5,6,6,5,Pilot
444,AI-Based Fault Detection V444,Display Technology,2027-02-11,5,8,4,6,6,Research
445,Edge AI Device Processing V445,Cloud Computing,2027-06-27,4,10,8,7,8,Research
446,AR Appliance Interface V446,Connectivity,2026-07-12,5,6,3,6,6,Commercial
447,Matter Smart Home Support V447,Home Appliance,2026-08-06,10,5,9,10,9,Upcoming
448,Smart Refrigerator Food Detection V448,Edge Computing,2027-08-25,6,9,6,1,4,Pilot
449,AI Washing Cycle Optimization V449,Sustainability,2026-06-30,8,6,6,1,4,Upcoming
450,Wi-Fi 7 Connectivity V450,Smart Home,2028-02-24,7,6,5,4,6,Commercial
451,Advanced OLED Panel V451,Display Technology,2026-10-17,4,6,3,2,4,Pilot
452,Advanced OLED Panel V452,Sustainability,2026-07-20,10,7,9,3,3,Research
453,Biometric Access Control V453,Edge Computing,2026-06-27,4,4,3,2,5,Research
454,Edge AI Device Processing V454,Firmware,2026-11-04,9,8,4,7,1,Commercial
455,Energy Efficient Compressor V455,5G Integration,2028-01-09,8,7,6,10,7,Commercial
456,Voice Assistant Integration V456,5G Integration,2026-11-12,9,7,5,1,4,Pilot
457,Advanced OLED Panel V457,Audio,2027-05-05,7,4,8,2,6,Upcoming
458,Mini LED Display Enhancement V458,Display Technology,2026-09-11,7,4,6,3,6,Pilot
459,Wi-Fi 7 Connectivity V459,Security,2027-04-21,9,6,9,4,3,Upcoming
460,Smart Energy Monitoring V460,Sustainability,2028-04-29,5,10,6,1,5,Upcoming
461,Self-Healing Firmware V461,Security,2026-07-15,9,8,9,5,4,Research
462,Self-Healing Firmware V462,Firmware,2027-05-26,10,7,9,6,9,Research
463,Matter Smart Home Support V463,Connectivity,2027-07-19,7,10,4,8,1,Research
464,AI-Powered HVAC Control V464,AI,2026-07-28,7,7,3,8,3,Pilot
465,Quantum Dot Display V465,IoT,2027-01-11,6,9,5,1,8,Commercial
466,Bluetooth 5.4 V466,Security,2026-10-27,5,8,6,10,10,Pilot
467,AR Appliance Interface V467,Display Technology,2026-07-19,4,5,7,9,1,Research
468,Cloud Connected Appliance V468,IoT,2027-06-30,7,6,9,7,2,Commercial
469,Security Firmware Update V469,Robotics,2027-09-26,9,7,9,4,4,Upcoming
470,AR Appliance Interface V470,Smart Home,2027-06-27,4,10,8,6,8,Commercial
471,AI Smart TV Recommendation V471,Smart Home,2026-10-17,10,10,3,4,5,Upcoming
472,Wi-Fi 7 Connectivity V472,Edge Computing,2027-12-10,6,4,2,4,3,Research
473,Low Power IoT Sensor V473,Smart Home,2028-04-09,7,5,2,9,7,Commercial
474,Cloud Connected Appliance V474,Display Technology,2028-02-10,6,8,7,9,8,Research
475,5G Enabled Smart Device V475,Smart Home,2028-02-29,7,9,8,4,9,Upcoming
476,Gesture Control Interface V476,Connectivity,2027-12-17,10,7,9,2,4,Commercial
477,AI Noise Cancellation V477,Security,2026-12-31,4,5,8,2,2,Upcoming
478,Predictive Maintenance V478,Sustainability,2026-12-19,8,6,7,2,8,Pilot
479,AI Noise Cancellation V479,IoT,2027-03-12,4,4,2,8,9,Pilot
480,Predictive Maintenance V480,Firmware,2026-12-28,10,5,2,9,8,Commercial
481,Wi-Fi 7 Connectivity V481,AI,2028-01-01,9,4,8,2,8,Commercial
482,Matter Smart Home Support V482,Robotics,2027-11-14,4,7,9,7,2,Pilot
483,Gesture Control Interface V483,Edge Computing,2028-03-13,10,8,5,6,3,Pilot
484,Smart Diagnosis Feature V484,AI,2028-04-25,5,4,8,5,2,Commercial
485,Quantum Dot Display V485,Audio,2027-05-18,4,9,7,8,2,Upcoming
486,Digital Twin Home Simulation V486,Edge Computing,2027-04-21,9,10,4,8,4,Research
487,Cloud Connected Appliance V487,Connectivity,2028-01-16,4,10,6,5,3,Upcoming
488,Bluetooth 5.4 V488,AI,2027-04-02,7,9,3,6,10,Commercial
489,Self-Healing Firmware V489,IoT,2026-08-12,6,10,3,6,9,Research
490,Mini LED Display Enhancement V490,IoT,2026-06-30,5,5,3,7,10,Pilot
491,Edge AI Device Processing V491,Security,2027-04-08,7,5,2,2,8,Upcoming
492,Sustainable Energy Recovery V492,5G Integration,2026-06-06,4,4,9,5,9,Commercial
493,Digital Twin Home Simulation V493,AI,2028-02-12,6,8,3,4,9,Pilot
494,Energy Efficient Compressor V494,Automation,2026-06-18,4,5,4,5,3,Research
495,Smart Energy Monitoring V495,Energy Efficiency,2027-10-04,4,5,5,8,6,Upcoming
496,Advanced OLED Panel V496,Connectivity,2026-08-07,6,5,5,4,6,Commercial
497,AI-Powered HVAC Control V497,Smart Home,2027-04-25,5,4,3,1,10,Upcoming
498,AI Washing Cycle Optimization V498,IoT,2026-06-09,9,4,6,9,5,Pilot
499,AI Smart TV Recommendation V499,Home Appliance,2026-11-24,4,4,5,1,9,Pilot
500,Bluetooth 5.4 V500,Cloud Computing,2026-11-26,7,6,2,8,6,Pilot
501,Quantum Dot Display V501,Energy Efficiency,2027-07-30,8,10,7,5,9,Upcoming
502,AR Appliance Interface V502,AI,2026-11-13,8,10,6,5,3,Commercial
503,Edge AI Device Processing V503,Energy Efficiency,2026-07-28,9,8,4,3,4,Upcoming
504,Low Power IoT Sensor V504,Edge Computing,2027-03-02,8,6,9,2,9,Upcoming
505,Cloud Connected Appliance V505,Smart Home,2026-12-06,7,8,6,8,9,Research
506,Quantum Dot Display V506,IoT,2028-04-01,8,8,4,6,9,Pilot
507,Bluetooth 5.4 V507,Energy Efficiency,2028-05-01,8,8,2,7,6,Upcoming
508,AI Washing Cycle Optimization V508,Energy Efficiency,2026-12-18,7,10,5,3,2,Pilot
509,AI-Powered HVAC Control V509,Display Technology,2026-07-22,7,7,6,9,7,Pilot
510,AI-Based Fault Detection V510,5G Integration,2026-10-19,8,9,4,9,3,Research
511,5G Enabled Smart Device V511,Display Technology,2026-06-20,9,7,2,2,7,Commercial
512,Self-Healing Firmware V512,Edge Computing,2027-01-18,10,4,4,3,2,Commercial
513,AI-Based Fault Detection V513,Robotics,2026-11-14,8,6,8,1,10,Research
514,Bluetooth 5.4 V514,5G Integration,2026-06-16,9,10,8,5,2,Pilot
515,Matter Smart Home Support V515,Home Appliance,2027-10-25,5,4,6,3,6,Research
516,Smart Refrigerator Food Detection V516,5G Integration,2026-12-13,4,5,3,8,10,Pilot
517,Voice Assistant Integration V517,Automation,2026-11-22,8,7,7,3,8,Commercial
518,Neural Processing Unit Integration V518,Connectivity,2026-12-23,4,6,4,4,6,Research
519,Wi-Fi 7 Connectivity V519,Firmware,2027-12-06,10,10,2,5,10,Commercial
520,AI Washing Cycle Optimization V520,Robotics,2027-11-23,8,7,3,2,9,Research
521,Edge AI Device Processing V521,AI,2027-01-17,10,7,2,2,5,Commercial
522,Mini LED Display Enhancement V522,5G Integration,2027-10-08,7,7,3,5,7,Upcoming
523,Edge AI Device Processing V523,AI,2026-06-16,9,6,8,4,5,Upcoming
524,Biometric Access Control V524,Automation,2027-08-12,7,6,3,8,5,Research
525,Gesture Control Interface V525,Home Appliance,2027-03-14,9,5,3,3,5,Pilot
526,Low Power IoT Sensor V526,Smart Home,2026-07-25,5,7,4,1,9,Commercial
527,AI-Based Fault Detection V527,Energy Efficiency,2027-07-16,7,8,4,10,1,Upcoming
528,Quantum Dot Display V528,Edge Computing,2027-09-09,5,4,8,1,5,Commercial
529,Mini LED Display Enhancement V529,Connectivity,2027-07-13,5,7,2,5,10,Commercial
530,Smart Refrigerator Food Detection V530,Energy Efficiency,2027-12-10,7,6,4,2,4,Upcoming
531,Smart Diagnosis Feature V531,Cloud Computing,2026-12-20,8,6,7,2,10,Pilot
532,AI Washing Cycle Optimization V532,Energy Efficiency,2027-08-05,7,4,4,1,2,Upcoming
533,Cloud Connected Appliance V533,Security,2027-06-22,10,7,9,9,5,Upcoming
534,Smart Refrigerator Food Detection V534,Robotics,2027-10-07,7,5,5,8,3,Pilot
535,Digital Twin Home Simulation V535,IoT,2028-02-21,8,4,8,1,8,Research
536,Smart Refrigerator Food Detection V536,Audio,2028-02-24,7,10,5,10,8,Upcoming
537,5G Enabled Smart Device V537,Robotics,2027-08-07,7,10,9,9,2,Upcoming
538,Biometric Access Control V538,Edge Computing,2027-09-21,6,5,2,6,10,Upcoming
539,Voice Assistant Integration V539,Security,2027-03-10,7,9,7,7,2,Research
540,AI Smart TV Recommendation V540,Connectivity,2026-12-27,9,7,4,10,4,Commercial
541,AI Smart TV Recommendation V541,Security,2028-05-10,4,4,4,6,9,Upcoming
542,Self-Healing Firmware V542,Cloud Computing,2026-06-19,9,8,3,1,8,Pilot
543,Security Firmware Update V543,Automation,2026-06-29,8,8,2,10,3,Pilot
544,Bluetooth 5.4 V544,Robotics,2026-12-18,6,7,3,2,10,Commercial
545,Smart Energy Monitoring V545,AI,2027-04-18,6,4,7,9,6,Commercial
546,Sustainable Energy Recovery V546,Home Appliance,2027-07-14,8,4,6,1,5,Research
547,Matter Smart Home Support V547,Edge Computing,2027-01-29,9,7,6,4,4,Commercial
548,AI Washing Cycle Optimization V548,Edge Computing,2027-08-29,10,10,3,1,6,Commercial
549,Energy Efficient Compressor V549,Robotics,2026-11-21,5,10,8,9,5,Pilot
550,Low Power IoT Sensor V550,Audio,2028-04-30,4,7,8,3,6,Upcoming
551,AI-Powered HVAC Control V551,Sustainability,2026-08-15,4,10,3,1,3,Pilot
552,AI-Based Fault Detection V552,Robotics,2027-04-07,6,7,9,7,5,Upcoming
553,AI-Based Fault Detection V553,Smart Home,2026-08-26,5,8,9,3,7,Research
554,Biometric Access Control V554,Home Appliance,2028-02-11,5,6,6,7,4,Research
555,Smart Energy Monitoring V555,Robotics,2027-04-30,6,10,6,4,10,Pilot
556,Home Automation Gateway V556,Cloud Computing,2028-04-03,5,10,2,6,7,Commercial
557,Edge AI Device Processing V557,5G Integration,2026-11-30,9,9,9,2,1,Pilot
558,Self-Healing Firmware V558,Smart Home,2028-02-28,9,8,5,9,9,Upcoming
559,Advanced OLED Panel V559,AI,2027-12-06,6,5,2,10,8,Upcoming
560,Sustainable Energy Recovery V560,Robotics,2027-10-13,5,6,6,8,4,Pilot
561,Voice Assistant Integration V561,Display Technology,2027-05-28,10,9,3,10,8,Commercial
562,Matter Smart Home Support V562,Smart Home,2027-12-06,5,9,3,7,2,Research
563,Bluetooth 5.4 V563,Edge Computing,2027-08-04,10,8,9,3,7,Commercial
564,Home Automation Gateway V564,Security,2028-04-21,5,4,9,9,4,Commercial
565,Smart Refrigerator Food Detection V565,5G Integration,2027-05-05,10,4,3,2,7,Upcoming
566,Advanced OLED Panel V566,Firmware,2027-04-24,9,6,5,7,6,Pilot
567,Digital Twin Home Simulation V567,Display Technology,2027-05-10,5,5,5,10,2,Commercial
568,Smart Diagnosis Feature V568,Home Appliance,2026-07-18,6,5,6,6,2,Research
569,Gesture Control Interface V569,Firmware,2027-11-25,9,5,2,2,2,Commercial
570,Voice Assistant Integration V570,Firmware,2027-09-09,9,5,7,1,8,Upcoming
571,Wi-Fi 7 Connectivity V571,Energy Efficiency,2026-06-02,10,10,5,4,10,Commercial
572,AR Appliance Interface V572,Energy Efficiency,2027-07-26,6,7,2,10,1,Research
573,Energy Efficient Compressor V573,Robotics,2026-09-30,8,7,2,3,1,Research
574,Home Automation Gateway V574,Sustainability,2028-03-02,10,9,8,5,9,Upcoming
575,AI Noise Cancellation V575,Display Technology,2027-04-12,5,5,5,10,3,Research
576,Smart Refrigerator Food Detection V576,Connectivity,2027-10-23,5,6,4,6,6,Upcoming
577,AI Smart TV Recommendation V577,Connectivity,2027-01-24,4,7,4,1,7,Research
578,AI Smart TV Recommendation V578,Security,2027-06-08,7,8,8,8,5,Research
579,Sustainable Energy Recovery V579,Smart Home,2026-08-09,8,5,6,8,3,Commercial
580,Smart Diagnosis Feature V580,5G Integration,2026-08-03,6,9,7,8,1,Research
581,Digital Twin Home Simulation V581,Energy Efficiency,2026-07-22,6,10,4,4,1,Upcoming
582,AR Appliance Interface V582,Cloud Computing,2026-10-23,4,5,5,7,10,Commercial
583,Advanced OLED Panel V583,IoT,2026-08-11,8,4,3,8,10,Pilot
584,Edge AI Device Processing V584,Cloud Computing,2026-06-28,7,9,4,2,6,Upcoming
585,Neural Processing Unit Integration V585,Firmware,2026-06-21,5,9,7,4,5,Pilot
586,Gesture Control Interface V586,Security,2026-07-14,7,9,7,10,6,Commercial
587,Edge AI Device Processing V587,Robotics,2027-09-17,6,10,2,9,2,Upcoming
588,Neural Processing Unit Integration V588,Edge Computing,2027-07-05,4,5,5,7,5,Pilot
589,Home Automation Gateway V589,Connectivity,2028-01-19,10,8,2,7,3,Pilot
590,AI-Based Fault Detection V590,IoT,2026-07-19,6,9,3,10,5,Upcoming
591,Cloud Connected Appliance V591,IoT,2027-01-30,10,7,5,6,9,Upcoming
592,Wi-Fi 7 Connectivity V592,Security,2027-05-08,5,6,8,4,8,Commercial
593,Energy Efficient Compressor V593,Connectivity,2027-06-15,10,6,6,1,10,Research
594,AI-Powered HVAC Control V594,Security,2026-08-31,9,10,7,10,9,Commercial
595,Bluetooth 5.4 V595,Cloud Computing,2027-07-04,8,9,9,1,5,Pilot
596,AI-Based Fault Detection V596,Display Technology,2027-03-03,6,4,8,2,5,Commercial
597,Self-Healing Firmware V597,Edge Computing,2027-01-11,9,8,7,4,1,Upcoming
598,AR Appliance Interface V598,IoT,2028-05-01,6,7,5,2,3,Upcoming
599,Voice Assistant Integration V599,AI,2026-10-20,7,8,5,3,10,Commercial
600,Self-Healing Firmware V600,Audio,2027-09-21,10,10,2,2,6,Commercial
601,AI-Based Fault Detection V601,Smart Home,2026-12-22,9,4,2,6,8,Research
602,AI-Based Fault Detection V602,Energy Efficiency,2027-05-07,7,4,4,4,10,Pilot
603,Cloud Connected Appliance V603,Audio,2027-10-16,10,4,6,9,8,Research
604,Home Automation Gateway V604,AI,2026-09-22,9,9,4,2,6,Research
605,Neural Processing Unit Integration V605,Firmware,2027-12-14,6,5,8,5,4,Upcoming
606,Digital Twin Home Simulation V606,Connectivity,2026-10-16,6,10,2,4,4,Pilot
607,Edge AI Device Processing V607,Automation,2026-09-02,6,10,5,1,4,Pilot
608,Smart Diagnosis Feature V608,Edge Computing,2026-08-10,8,6,2,5,2,Commercial
609,Matter Smart Home Support V609,Robotics,2027-06-23,7,6,3,9,2,Research
610,Biometric Access Control V610,Audio,2026-07-16,8,7,4,9,4,Pilot
611,Predictive Maintenance V611,IoT,2027-04-27,9,6,5,2,7,Upcoming
612,Bluetooth 5.4 V612,5G Integration,2027-04-08,10,5,7,5,5,Commercial
613,Smart Refrigerator Food Detection V613,Display Technology,2027-06-01,6,6,4,4,7,Pilot
614,Smart Refrigerator Food Detection V614,Security,2027-04-21,9,5,5,10,8,Commercial
615,Biometric Access Control V615,Robotics,2027-10-23,7,5,6,10,3,Upcoming
616,Self-Healing Firmware V616,Smart Home,2027-08-21,7,4,2,1,8,Commercial
617,Digital Twin Home Simulation V617,Display Technology,2026-10-25,4,7,7,1,4,Pilot
618,Biometric Access Control V618,Robotics,2027-03-21,8,6,9,3,6,Research
619,Advanced OLED Panel V619,Home Appliance,2027-10-25,4,9,5,4,3,Upcoming
620,Smart Diagnosis Feature V620,Smart Home,2027-08-11,8,8,9,2,6,Research
621,Smart Refrigerator Food Detection V621,Cloud Computing,2026-08-28,6,7,6,10,1,Research
622,Bluetooth 5.4 V622,AI,2027-08-17,4,5,4,9,9,Research
623,Mini LED Display Enhancement V623,AI,2028-04-24,8,5,4,5,9,Pilot
624,AI Smart TV Recommendation V624,Smart Home,2027-04-11,7,5,7,7,10,Research
625,Mini LED Display Enhancement V625,Home Appliance,2027-07-04,4,7,7,2,4,Upcoming
626,Self-Healing Firmware V626,Robotics,2027-12-30,8,7,2,2,3,Pilot
627,Smart Energy Monitoring V627,Home Appliance,2027-12-01,7,4,9,9,5,Research
628,Edge AI Device Processing V628,Smart Home,2028-04-11,10,8,8,1,4,Pilot
629,Smart Diagnosis Feature V629,Robotics,2027-04-17,6,7,9,7,8,Upcoming
630,Smart Refrigerator Food Detection V630,AI,2027-10-28,9,5,7,3,5,Pilot
631,AI-Based Fault Detection V631,Home Appliance,2026-10-04,9,6,3,3,3,Research
632,AI-Powered HVAC Control V632,Home Appliance,2028-01-24,5,9,6,7,6,Pilot
633,AI Washing Cycle Optimization V633,Sustainability,2027-10-31,9,9,2,8,4,Research
634,Edge AI Device Processing V634,Connectivity,2027-11-21,7,10,8,5,8,Upcoming
635,Biometric Access Control V635,Connectivity,2028-01-07,7,5,8,7,10,Commercial
636,AI Noise Cancellation V636,Energy Efficiency,2028-02-28,9,7,9,7,5,Upcoming
637,AI-Based Fault Detection V637,Energy Efficiency,2026-07-15,10,6,8,6,9,Upcoming
638,Digital Twin Home Simulation V638,Cloud Computing,2028-05-03,6,7,4,10,6,Upcoming
639,Home Automation Gateway V639,AI,2026-10-06,9,9,8,8,3,Pilot
640,Cloud Connected Appliance V640,Automation,2027-12-04,10,6,2,6,1,Upcoming
641,Edge AI Device Processing V641,Cloud Computing,2027-03-30,10,6,2,9,4,Pilot
642,Quantum Dot Display V642,Robotics,2027-02-23,5,9,4,9,9,Upcoming
643,Predictive Maintenance V643,Security,2027-01-28,6,10,4,2,5,Pilot
644,Energy Efficient Compressor V644,Security,2027-04-07,4,9,3,5,2,Pilot
645,Smart Refrigerator Food Detection V645,IoT,2027-12-08,10,5,8,10,4,Upcoming
646,Biometric Access Control V646,Robotics,2027-06-03,8,8,9,7,10,Research
647,Neural Processing Unit Integration V647,Robotics,2028-03-12,10,9,8,1,8,Commercial
648,Voice Assistant Integration V648,Firmware,2027-11-16,5,5,6,6,7,Commercial
649,Matter Smart Home Support V649,Connectivity,2026-11-01,6,5,8,1,10,Pilot
650,Security Firmware Update V650,Automation,2027-07-18,8,6,8,7,4,Upcoming
651,AI-Powered HVAC Control V651,Energy Efficiency,2026-07-31,9,4,9,3,9,Upcoming
652,Low Power IoT Sensor V652,Home Appliance,2027-06-15,4,10,5,10,7,Pilot
653,Smart Energy Monitoring V653,Audio,2026-05-27,9,10,8,4,10,Commercial
654,5G Enabled Smart Device V654,Audio,2026-10-14,9,9,9,8,9,Upcoming
655,Voice Assistant Integration V655,Automation,2026-12-27,10,5,2,5,5,Research
656,Voice Assistant Integration V656,Firmware,2027-02-16,7,10,5,10,6,Commercial
657,Predictive Maintenance V657,Home Appliance,2027-03-13,8,7,4,2,2,Research
658,AI-Based Fault Detection V658,Audio,2027-12-03,9,6,7,10,10,Upcoming
659,Biometric Access Control V659,Robotics,2026-07-27,7,7,9,9,7,Research
660,Quantum Dot Display V660,Audio,2027-05-16,9,6,2,2,2,Pilot
661,Low Power IoT Sensor V661,Display Technology,2026-12-13,6,7,6,2,4,Upcoming
662,Digital Twin Home Simulation V662,AI,2027-01-23,8,5,9,3,3,Commercial
663,AI Smart TV Recommendation V663,Automation,2027-02-07,7,9,3,5,3,Pilot
664,AI Smart TV Recommendation V664,Energy Efficiency,2027-10-02,5,9,8,6,1,Upcoming
665,Smart Refrigerator Food Detection V665,Security,2028-02-06,9,9,2,3,6,Research
666,Cloud Connected Appliance V666,5G Integration,2028-03-12,5,4,3,4,1,Research
667,AI Washing Cycle Optimization V667,Edge Computing,2026-07-11,7,7,9,5,4,Upcoming
668,AI Washing Cycle Optimization V668,Display Technology,2028-03-23,9,4,5,6,8,Pilot
669,AI Smart TV Recommendation V669,AI,2028-02-29,5,6,8,10,3,Research
670,5G Enabled Smart Device V670,Firmware,2028-02-19,7,9,4,9,5,Commercial
671,Sustainable Energy Recovery V671,Automation,2027-11-29,8,7,9,10,6,Commercial
672,AI Washing Cycle Optimization V672,Sustainability,2028-02-19,7,7,3,6,8,Upcoming
673,Smart Energy Monitoring V673,Sustainability,2028-01-17,6,6,3,6,6,Commercial
674,Wi-Fi 7 Connectivity V674,Robotics,2028-05-09,6,6,5,3,10,Pilot
675,AI Noise Cancellation V675,Audio,2026-12-30,7,8,5,4,6,Upcoming
676,Smart Refrigerator Food Detection V676,5G Integration,2026-06-04,8,6,9,7,7,Commercial
677,Energy Efficient Compressor V677,Sustainability,2028-03-15,8,5,9,6,7,Pilot
678,Security Firmware Update V678,Edge Computing,2027-06-16,10,4,3,3,2,Upcoming
679,AI-Powered HVAC Control V679,Security,2026-06-03,7,4,9,6,7,Research
680,Digital Twin Home Simulation V680,Audio,2027-08-19,8,5,3,6,9,Commercial
681,Digital Twin Home Simulation V681,Edge Computing,2027-09-01,6,7,8,7,10,Pilot
682,Advanced OLED Panel V682,Audio,2026-10-23,10,8,9,4,7,Commercial
683,Bluetooth 5.4 V683,Connectivity,2026-09-20,4,4,2,4,1,Pilot
684,Smart Diagnosis Feature V684,Energy Efficiency,2027-02-26,8,4,6,4,4,Upcoming
685,Smart Refrigerator Food Detection V685,Security,2027-06-05,6,8,7,9,4,Pilot
686,Self-Healing Firmware V686,Display Technology,2027-05-26,6,4,7,8,2,Commercial
687,Cloud Connected Appliance V687,Energy Efficiency,2027-07-23,8,6,4,6,6,Pilot
688,Energy Efficient Compressor V688,5G Integration,2026-11-23,10,4,5,8,3,Research
689,Advanced OLED Panel V689,Smart Home,2028-01-30,10,9,3,9,4,Commercial
690,AI-Powered HVAC Control V690,Audio,2027-09-21,10,10,7,1,2,Commercial
691,AI Noise Cancellation V691,Display Technology,2027-12-13,5,6,9,8,5,Pilot
692,AI-Based Fault Detection V692,Automation,2026-12-05,7,8,2,2,8,Commercial
693,Home Automation Gateway V693,Cloud Computing,2027-10-15,5,8,3,6,9,Upcoming
694,Biometric Access Control V694,IoT,2027-08-22,10,5,8,7,10,Commercial
695,AR Appliance Interface V695,IoT,2027-06-02,10,9,5,8,3,Commercial
696,AI-Powered HVAC Control V696,Firmware,2027-08-08,4,10,5,4,2,Research
697,AR Appliance Interface V697,Automation,2026-12-19,10,4,6,4,10,Upcoming
698,Mini LED Display Enhancement V698,Home Appliance,2026-09-02,6,10,7,3,9,Research
699,Biometric Access Control V699,Automation,2026-09-23,4,6,8,7,9,Commercial
700,5G Enabled Smart Device V700,5G Integration,2027-08-17,4,5,5,10,6,Pilot
701,Bluetooth 5.4 V701,AI,2027-11-25,8,4,2,3,7,Commercial
702,Smart Refrigerator Food Detection V702,Security,2027-04-07,8,6,6,10,6,Pilot
703,Predictive Maintenance V703,Cloud Computing,2026-12-17,4,8,5,3,1,Upcoming
704,Security Firmware Update V704,Sustainability,2026-08-13,10,7,9,9,5,Pilot
705,Mini LED Display Enhancement V705,Display Technology,2028-03-01,5,6,6,2,4,Upcoming
706,Cloud Connected Appliance V706,Edge Computing,2026-09-24,7,8,6,2,7,Commercial
707,Sustainable Energy Recovery V707,5G Integration,2027-02-15,9,10,9,10,4,Research
708,Sustainable Energy Recovery V708,Cloud Computing,2028-01-10,6,9,4,5,6,Upcoming
709,Low Power IoT Sensor V709,Energy Efficiency,2026-12-06,10,10,3,7,3,Commercial
710,Self-Healing Firmware V710,Home Appliance,2027-10-09,7,7,5,10,4,Research
711,AI-Based Fault Detection V711,AI,2026-07-14,8,9,2,2,9,Upcoming
712,Low Power IoT Sensor V712,Firmware,2026-08-12,4,10,3,1,5,Research
713,Self-Healing Firmware V713,IoT,2027-06-18,5,8,8,3,7,Research
714,Edge AI Device Processing V714,Connectivity,2026-11-09,10,7,2,1,9,Research
715,Smart Energy Monitoring V715,Firmware,2028-02-21,4,9,5,7,4,Pilot
716,Voice Assistant Integration V716,Automation,2027-02-15,9,10,7,1,3,Commercial
717,Energy Efficient Compressor V717,AI,2027-10-02,9,4,7,4,1,Research
718,Bluetooth 5.4 V718,Robotics,2028-05-03,5,5,2,9,5,Commercial
719,Security Firmware Update V719,IoT,2027-10-07,10,10,2,7,7,Research
720,Smart Refrigerator Food Detection V720,Cloud Computing,2026-08-27,9,4,6,10,8,Commercial
721,Smart Energy Monitoring V721,Edge Computing,2028-01-25,4,8,6,2,5,Research
722,Smart Diagnosis Feature V722,AI,2026-12-24,10,8,4,4,2,Research
723,Biometric Access Control V723,Security,2026-09-16,4,9,2,10,8,Commercial
724,Mini LED Display Enhancement V724,Edge Computing,2028-02-12,9,6,3,9,5,Pilot
725,AI-Based Fault Detection V725,Smart Home,2026-08-28,9,9,4,5,3,Commercial
726,Voice Assistant Integration V726,Home Appliance,2027-03-19,8,7,5,7,3,Pilot
727,Quantum Dot Display V727,Smart Home,2028-04-03,5,4,5,1,6,Upcoming
728,5G Enabled Smart Device V728,Security,2027-11-16,4,5,9,8,5,Research
729,Mini LED Display Enhancement V729,Home Appliance,2027-07-09,5,7,2,3,5,Commercial
730,Wi-Fi 7 Connectivity V730,Edge Computing,2028-04-01,7,5,9,9,9,Upcoming
731,AI-Powered HVAC Control V731,Energy Efficiency,2027-09-19,9,10,5,4,1,Upcoming
732,Edge AI Device Processing V732,Automation,2027-03-29,4,10,3,9,4,Upcoming
733,Bluetooth 5.4 V733,Smart Home,2028-04-08,7,5,5,6,3,Commercial
734,Digital Twin Home Simulation V734,Firmware,2027-06-08,5,6,6,10,2,Research
735,AI Washing Cycle Optimization V735,Audio,2028-05-06,9,6,7,5,8,Research
736,Low Power IoT Sensor V736,Firmware,2027-10-29,4,8,5,1,9,Pilot
737,Mini LED Display Enhancement V737,Audio,2028-01-08,4,4,8,7,5,Research
738,AI Noise Cancellation V738,Energy Efficiency,2027-10-08,8,9,4,1,9,Research
739,Low Power IoT Sensor V739,Automation,2027-06-05,5,10,2,6,2,Research
740,Wi-Fi 7 Connectivity V740,Display Technology,2028-04-10,10,10,2,7,10,Commercial
741,Matter Smart Home Support V741,5G Integration,2026-11-08,7,4,2,3,9,Upcoming
742,Predictive Maintenance V742,Sustainability,2026-11-28,7,10,7,6,7,Pilot
743,Bluetooth 5.4 V743,Smart Home,2027-07-20,7,6,5,10,6,Commercial
744,5G Enabled Smart Device V744,Home Appliance,2027-01-06,9,7,5,6,7,Research
745,Wi-Fi 7 Connectivity V745,Security,2026-07-27,7,8,7,1,5,Commercial
746,Low Power IoT Sensor V746,Home Appliance,2027-09-01,6,6,3,6,2,Pilot
747,5G Enabled Smart Device V747,5G Integration,2026-09-29,7,9,6,7,8,Research
748,Mini LED Display Enhancement V748,Cloud Computing,2027-05-31,9,4,9,2,7,Upcoming
749,Sustainable Energy Recovery V749,Display Technology,2027-01-25,9,5,7,8,5,Upcoming
750,5G Enabled Smart Device V750,Connectivity,2028-01-20,4,4,5,1,7,Research
751,Mini LED Display Enhancement V751,Sustainability,2027-01-01,7,9,2,4,9,Commercial
752,Self-Healing Firmware V752,Security,2026-11-12,6,4,3,10,1,Commercial
753,Advanced OLED Panel V753,Automation,2026-12-19,6,7,7,10,4,Research
754,Predictive Maintenance V754,Display Technology,2027-09-07,6,6,8,4,3,Research
755,AR Appliance Interface V755,AI,2027-03-23,6,10,8,3,5,Pilot
756,Matter Smart Home Support V756,Display Technology,2027-02-04,6,7,2,10,9,Research
757,Smart Refrigerator Food Detection V757,5G Integration,2027-07-30,9,10,4,1,10,Research
758,Cloud Connected Appliance V758,Firmware,2027-08-05,8,6,4,8,6,Upcoming
759,Smart Energy Monitoring V759,Audio,2027-05-02,9,9,5,3,8,Commercial
760,Voice Assistant Integration V760,AI,2027-03-27,6,4,6,8,4,Research
761,Matter Smart Home Support V761,Sustainability,2027-04-14,10,8,7,1,8,Upcoming
762,Gesture Control Interface V762,Security,2027-11-06,9,4,7,1,7,Commercial
763,Cloud Connected Appliance V763,Smart Home,2027-01-26,6,6,5,2,6,Pilot
764,Digital Twin Home Simulation V764,Audio,2026-09-20,7,6,8,2,6,Upcoming
765,Matter Smart Home Support V765,Audio,2027-06-25,7,10,7,3,10,Pilot
766,Smart Energy Monitoring V766,Automation,2027-09-17,5,10,7,4,5,Upcoming
767,Matter Smart Home Support V767,Display Technology,2026-12-31,8,7,3,1,8,Pilot
768,Smart Diagnosis Feature V768,Firmware,2026-07-23,10,5,7,7,3,Research
769,AI Smart TV Recommendation V769,Energy Efficiency,2027-07-03,10,4,2,5,10,Research
770,Sustainable Energy Recovery V770,Security,2027-04-06,10,7,8,2,4,Research
771,AI Washing Cycle Optimization V771,Smart Home,2027-11-11,8,5,6,8,9,Commercial
772,Smart Energy Monitoring V772,Automation,2027-10-15,5,10,4,8,6,Upcoming
773,AI Washing Cycle Optimization V773,AI,2026-09-06,4,5,5,1,9,Research
774,Smart Refrigerator Food Detection V774,Smart Home,2027-07-26,8,7,9,6,3,Upcoming
775,Smart Refrigerator Food Detection V775,Automation,2027-05-30,4,7,3,10,8,Pilot
776,Mini LED Display Enhancement V776,Display Technology,2027-08-15,10,5,2,8,10,Upcoming
777,Self-Healing Firmware V777,Connectivity,2027-02-23,7,9,9,5,2,Pilot
778,Edge AI Device Processing V778,Audio,2028-01-04,5,5,8,9,9,Pilot
779,Mini LED Display Enhancement V779,Connectivity,2027-04-17,5,5,5,8,10,Pilot
780,Cloud Connected Appliance V780,Firmware,2026-09-11,4,5,3,6,4,Research
781,Advanced OLED Panel V781,Firmware,2027-09-02,9,5,4,6,7,Pilot
782,Digital Twin Home Simulation V782,Security,2027-07-17,6,4,3,4,10,Commercial
783,Low Power IoT Sensor V783,Home Appliance,2028-03-08,7,7,2,4,10,Pilot
784,5G Enabled Smart Device V784,Cloud Computing,2026-11-20,4,6,8,9,4,Research
785,5G Enabled Smart Device V785,IoT,2027-12-17,4,8,6,6,7,Upcoming
786,Smart Refrigerator Food Detection V786,IoT,2026-10-05,8,4,4,3,10,Commercial
787,Smart Energy Monitoring V787,Energy Efficiency,2026-05-27,9,10,9,8,8,Pilot
788,5G Enabled Smart Device V788,IoT,2026-06-01,4,6,3,6,9,Research
789,Advanced OLED Panel V789,Robotics,2026-06-29,6,5,7,6,6,Commercial
790,Advanced OLED Panel V790,Smart Home,2027-09-27,4,9,7,10,7,Upcoming
791,AI Smart TV Recommendation V791,Cloud Computing,2027-04-17,6,6,9,1,5,Pilot
792,Energy Efficient Compressor V792,Audio,2027-03-30,5,8,5,3,4,Pilot
793,Biometric Access Control V793,Firmware,2026-07-06,8,4,9,8,1,Upcoming
794,Cloud Connected Appliance V794,Audio,2028-05-06,8,10,6,9,6,Commercial
795,Bluetooth 5.4 V795,AI,2028-02-17,9,9,9,4,7,Pilot
796,Smart Energy Monitoring V796,Firmware,2027-05-26,9,4,7,2,7,Commercial
797,Quantum Dot Display V797,Automation,2027-01-11,7,8,9,9,6,Upcoming
798,Smart Diagnosis Feature V798,Audio,2027-05-10,6,10,5,5,5,Upcoming
799,AI-Powered HVAC Control V799,AI,2026-07-09,7,6,2,9,8,Pilot
800,Bluetooth 5.4 V800,Energy Efficiency,2026-12-16,4,5,7,3,8,Pilot
801,5G Enabled Smart Device V801,Display Technology,2026-09-28,10,8,2,9,4,Upcoming
802,Matter Smart Home Support V802,Energy Efficiency,2027-01-23,9,10,7,8,2,Commercial
803,AI-Powered HVAC Control V803,5G Integration,2027-08-10,10,6,6,5,4,Research
804,Digital Twin Home Simulation V804,Energy Efficiency,2026-10-26,8,4,4,1,1,Commercial
805,Predictive Maintenance V805,Robotics,2026-06-16,7,6,6,5,9,Research
806,AR Appliance Interface V806,Edge Computing,2026-12-02,10,10,2,3,1,Upcoming
807,Predictive Maintenance V807,Audio,2027-01-22,8,10,3,10,6,Commercial
808,Predictive Maintenance V808,AI,2026-08-04,7,10,5,4,8,Commercial
809,AI-Based Fault Detection V809,Energy Efficiency,2028-03-12,5,9,3,9,1,Commercial
810,AI-Based Fault Detection V810,5G Integration,2027-02-03,5,4,2,9,9,Upcoming
811,Bluetooth 5.4 V811,Edge Computing,2027-02-12,7,7,3,8,4,Research
812,Smart Refrigerator Food Detection V812,Smart Home,2027-03-10,7,10,8,9,9,Pilot
813,Biometric Access Control V813,Edge Computing,2026-11-10,10,4,9,3,10,Research
814,Bluetooth 5.4 V814,Home Appliance,2028-01-04,9,8,9,6,5,Pilot
815,AR Appliance Interface V815,Display Technology,2027-11-14,6,10,2,4,5,Research
816,Wi-Fi 7 Connectivity V816,IoT,2026-09-19,9,5,9,10,7,Upcoming
817,Edge AI Device Processing V817,Automation,2027-06-08,5,7,9,2,5,Research
818,5G Enabled Smart Device V818,5G Integration,2028-04-10,7,4,2,4,6,Commercial
819,Quantum Dot Display V819,Cloud Computing,2027-12-29,5,10,4,6,6,Research
820,Smart Diagnosis Feature V820,Audio,2026-12-23,8,5,3,5,10,Commercial
821,Digital Twin Home Simulation V821,Home Appliance,2026-12-20,5,6,6,2,7,Upcoming
822,Voice Assistant Integration V822,5G Integration,2027-05-30,8,7,2,4,5,Commercial
823,AI-Powered HVAC Control V823,Audio,2027-08-09,7,7,9,8,10,Pilot
824,5G Enabled Smart Device V824,Automation,2028-02-27,8,9,4,4,5,Research
825,Self-Healing Firmware V825,Robotics,2027-06-11,4,10,4,5,3,Pilot
826,Gesture Control Interface V826,Security,2028-03-16,5,10,6,7,9,Pilot
827,Digital Twin Home Simulation V827,Display Technology,2026-10-01,7,8,6,10,1,Pilot
828,AI Washing Cycle Optimization V828,Audio,2027-04-17,5,10,3,5,1,Commercial
829,Neural Processing Unit Integration V829,Audio,2027-03-30,8,5,7,9,10,Upcoming
830,Energy Efficient Compressor V830,Energy Efficiency,2026-06-04,4,8,2,2,8,Pilot
831,Wi-Fi 7 Connectivity V831,Robotics,2026-05-30,8,6,8,1,7,Pilot
832,Smart Diagnosis Feature V832,Display Technology,2027-03-04,5,4,7,2,2,Pilot
833,Predictive Maintenance V833,Audio,2027-09-06,10,8,2,10,9,Research
834,Bluetooth 5.4 V834,5G Integration,2027-04-07,6,8,5,4,2,Research
835,Biometric Access Control V835,Energy Efficiency,2027-01-26,7,9,2,6,9,Research
836,Self-Healing Firmware V836,Connectivity,2027-02-02,5,10,2,4,10,Research
837,Voice Assistant Integration V837,Cloud Computing,2026-11-07,4,9,6,6,7,Commercial
838,Smart Energy Monitoring V838,Cloud Computing,2028-02-19,4,7,5,2,9,Pilot
839,Matter Smart Home Support V839,Display Technology,2027-09-19,10,10,7,8,8,Commercial
840,Cloud Connected Appliance V840,Security,2026-09-13,8,4,5,6,1,Upcoming
841,Voice Assistant Integration V841,Sustainability,2026-06-21,6,5,2,6,4,Upcoming
842,AI Smart TV Recommendation V842,Display Technology,2026-11-12,9,10,6,5,8,Commercial
843,AI Smart TV Recommendation V843,Robotics,2027-01-28,7,5,5,1,8,Research
844,Low Power IoT Sensor V844,IoT,2026-06-13,5,8,4,2,7,Pilot
845,AI Washing Cycle Optimization V845,Energy Efficiency,2027-01-13,7,4,5,9,4,Pilot
846,AI-Based Fault Detection V846,Edge Computing,2027-04-04,5,4,6,3,1,Pilot
847,AI-Based Fault Detection V847,Security,2027-10-26,8,5,5,10,9,Upcoming
848,Low Power IoT Sensor V848,Connectivity,2028-03-02,6,4,5,7,9,Research
849,Bluetooth 5.4 V849,Connectivity,2026-09-09,8,4,8,3,10,Pilot
850,Smart Diagnosis Feature V850,Energy Efficiency,2027-03-03,6,4,6,9,4,Upcoming
851,Advanced OLED Panel V851,Cloud Computing,2027-12-23,8,4,6,6,3,Upcoming
852,5G Enabled Smart Device V852,Audio,2026-07-12,10,9,7,5,4,Upcoming
853,Security Firmware Update V853,Energy Efficiency,2028-02-07,6,8,2,10,7,Upcoming
854,Smart Energy Monitoring V854,IoT,2028-04-11,5,5,4,7,3,Commercial
855,Smart Refrigerator Food Detection V855,5G Integration,2027-04-26,4,10,3,1,8,Research
856,Bluetooth 5.4 V856,Audio,2026-12-21,7,8,4,4,7,Upcoming
857,Gesture Control Interface V857,Connectivity,2027-07-25,7,10,8,3,2,Upcoming
858,5G Enabled Smart Device V858,AI,2027-12-17,10,4,3,9,9,Pilot
859,AI-Powered HVAC Control V859,IoT,2027-07-20,5,4,3,5,2,Pilot
860,Predictive Maintenance V860,Sustainability,2027-01-16,7,7,4,5,6,Upcoming
861,Home Automation Gateway V861,Firmware,2027-05-16,8,10,8,5,4,Commercial
862,AI Smart TV Recommendation V862,Home Appliance,2028-04-23,6,7,5,5,2,Commercial
863,Neural Processing Unit Integration V863,Firmware,2026-11-10,5,7,2,4,10,Upcoming
864,Security Firmware Update V864,Connectivity,2027-09-14,6,4,8,4,4,Upcoming
865,Cloud Connected Appliance V865,Home Appliance,2027-03-15,9,7,7,2,2,Commercial
866,Predictive Maintenance V866,Cloud Computing,2028-03-14,5,10,8,8,5,Commercial
867,Digital Twin Home Simulation V867,5G Integration,2026-12-24,4,8,9,9,10,Research
868,5G Enabled Smart Device V868,Smart Home,2028-03-08,8,10,9,5,7,Research
869,Home Automation Gateway V869,Home Appliance,2026-07-17,10,5,9,1,10,Pilot
870,Self-Healing Firmware V870,Automation,2026-12-08,4,9,4,10,3,Upcoming
871,Edge AI Device Processing V871,Firmware,2028-01-27,4,7,5,4,7,Research
872,Voice Assistant Integration V872,Cloud Computing,2027-03-01,4,8,4,8,7,Commercial
873,AI Smart TV Recommendation V873,Home Appliance,2028-03-27,4,4,6,9,9,Upcoming
874,Security Firmware Update V874,Robotics,2028-05-02,5,8,5,2,6,Commercial
875,AI Noise Cancellation V875,Cloud Computing,2027-03-10,5,7,2,7,10,Commercial
876,Smart Energy Monitoring V876,Automation,2027-06-24,8,7,4,8,10,Pilot
877,Mini LED Display Enhancement V877,Cloud Computing,2026-07-14,4,5,4,10,7,Commercial
878,Home Automation Gateway V878,Edge Computing,2027-06-26,7,9,9,1,2,Pilot
879,5G Enabled Smart Device V879,Home Appliance,2027-01-16,4,6,3,7,2,Research
880,AI-Powered HVAC Control V880,Home Appliance,2028-05-06,5,8,4,3,7,Upcoming
881,Quantum Dot Display V881,Energy Efficiency,2026-08-22,10,10,8,4,2,Upcoming
882,Home Automation Gateway V882,IoT,2026-12-27,8,7,3,7,9,Commercial
883,AI Noise Cancellation V883,Firmware,2026-06-12,7,4,7,5,7,Pilot
884,AI Washing Cycle Optimization V884,Display Technology,2027-04-01,6,9,9,6,10,Commercial
885,AI-Powered HVAC Control V885,Sustainability,2027-01-01,8,5,8,5,5,Research
886,Smart Diagnosis Feature V886,Automation,2026-09-05,7,9,6,3,1,Pilot
887,AI Noise Cancellation V887,Firmware,2026-09-09,8,10,3,6,2,Commercial
888,Digital Twin Home Simulation V888,AI,2026-12-02,5,6,9,2,7,Commercial
889,Advanced OLED Panel V889,Robotics,2027-08-01,10,5,6,10,7,Upcoming
890,Edge AI Device Processing V890,Home Appliance,2026-11-17,9,9,2,7,6,Upcoming
891,Advanced OLED Panel V891,Energy Efficiency,2027-06-18,9,8,8,4,7,Commercial
892,Digital Twin Home Simulation V892,Sustainability,2027-07-15,9,6,5,3,6,Research
893,5G Enabled Smart Device V893,AI,2028-01-21,4,4,7,4,3,Research
894,AI Smart TV Recommendation V894,Automation,2026-08-05,9,7,2,3,10,Upcoming
895,Energy Efficient Compressor V895,Energy Efficiency,2026-09-20,5,7,4,4,10,Research
896,Matter Smart Home Support V896,Display Technology,2028-01-16,7,6,9,4,3,Pilot
897,Advanced OLED Panel V897,Cloud Computing,2027-06-06,10,7,2,9,4,Pilot
898,Digital Twin Home Simulation V898,Security,2027-05-02,6,8,6,5,5,Pilot
899,Security Firmware Update V899,Cloud Computing,2027-10-09,5,6,8,6,8,Upcoming
900,Wi-Fi 7 Connectivity V900,Energy Efficiency,2027-03-05,10,5,9,1,10,Pilot
901,Quantum Dot Display V901,Security,2027-10-21,4,9,5,7,8,Pilot
902,Bluetooth 5.4 V902,IoT,2026-09-05,8,7,9,9,2,Research
903,Energy Efficient Compressor V903,Edge Computing,2027-03-08,5,4,8,10,8,Research
904,5G Enabled Smart Device V904,Display Technology,2027-06-25,5,6,6,2,7,Research
905,AI Noise Cancellation V905,Security,2026-09-15,4,8,8,3,4,Upcoming
906,Neural Processing Unit Integration V906,Cloud Computing,2028-04-29,5,5,6,9,3,Research
907,Energy Efficient Compressor V907,Edge Computing,2027-01-29,9,6,6,8,9,Research
908,Smart Refrigerator Food Detection V908,Home Appliance,2026-10-14,10,5,5,1,10,Commercial
909,Cloud Connected Appliance V909,Security,2027-04-02,8,6,9,2,3,Commercial
910,Self-Healing Firmware V910,Edge Computing,2027-10-01,9,8,3,8,10,Research
911,Biometric Access Control V911,Edge Computing,2027-03-10,9,4,3,9,7,Commercial
912,Wi-Fi 7 Connectivity V912,Security,2027-06-16,6,6,3,3,2,Upcoming
913,AI-Powered HVAC Control V913,Sustainability,2026-06-01,7,6,2,10,3,Pilot
914,Advanced OLED Panel V914,Firmware,2026-08-24,8,6,2,5,6,Commercial
915,Smart Diagnosis Feature V915,Edge Computing,2027-06-13,5,7,2,4,9,Research
916,Smart Diagnosis Feature V916,Energy Efficiency,2028-04-23,4,10,2,5,6,Upcoming
917,Self-Healing Firmware V917,Smart Home,2026-10-21,7,7,3,7,9,Pilot
918,Self-Healing Firmware V918,Smart Home,2027-09-19,5,6,3,7,1,Upcoming
919,Neural Processing Unit Integration V919,Smart Home,2027-07-26,9,9,9,8,3,Commercial
920,Advanced OLED Panel V920,AI,2026-08-06,5,6,2,6,8,Commercial
921,Digital Twin Home Simulation V921,IoT,2027-09-18,10,8,9,7,3,Commercial
922,Neural Processing Unit Integration V922,Display Technology,2027-02-22,9,10,8,4,10,Upcoming
923,Sustainable Energy Recovery V923,Home Appliance,2026-05-31,5,10,9,2,3,Upcoming
924,Smart Refrigerator Food Detection V924,Home Appliance,2028-02-14,8,7,2,10,10,Pilot
925,Energy Efficient Compressor V925,Connectivity,2027-06-10,9,6,7,7,8,Commercial
926,Wi-Fi 7 Connectivity V926,Robotics,2026-06-01,5,10,9,10,2,Pilot
927,Digital Twin Home Simulation V927,Sustainability,2028-04-07,8,6,8,8,1,Pilot
928,Digital Twin Home Simulation V928,Automation,2026-06-21,7,10,8,10,3,Pilot
929,Wi-Fi 7 Connectivity V929,Edge Computing,2028-05-09,7,6,8,7,5,Upcoming
930,Matter Smart Home Support V930,5G Integration,2027-12-27,4,10,9,6,5,Pilot
931,AR Appliance Interface V931,Sustainability,2026-07-24,7,5,4,2,1,Commercial
932,Wi-Fi 7 Connectivity V932,Automation,2027-01-21,5,5,7,1,5,Research
933,5G Enabled Smart Device V933,IoT,2026-08-13,5,5,8,6,6,Upcoming
934,AI-Based Fault Detection V934,Firmware,2026-10-12,9,6,9,2,7,Research
935,Advanced OLED Panel V935,IoT,2026-07-07,8,10,3,7,5,Commercial
936,Neural Processing Unit Integration V936,Smart Home,2027-03-27,5,10,6,6,1,Commercial
937,Edge AI Device Processing V937,Cloud Computing,2028-02-06,7,5,6,10,1,Pilot
938,5G Enabled Smart Device V938,Firmware,2028-04-14,6,7,9,8,7,Pilot
939,Sustainable Energy Recovery V939,Firmware,2027-12-02,9,5,7,7,7,Commercial
940,Predictive Maintenance V940,Firmware,2028-04-28,10,8,3,7,2,Research
941,Advanced OLED Panel V941,Robotics,2026-09-29,5,4,5,1,10,Research
942,Edge AI Device Processing V942,Sustainability,2026-07-10,9,8,2,5,4,Research
943,Quantum Dot Display V943,Energy Efficiency,2026-06-18,6,8,5,2,1,Upcoming
944,AI Noise Cancellation V944,Cloud Computing,2028-02-22,7,8,7,5,7,Upcoming
945,AI Smart TV Recommendation V945,Energy Efficiency,2027-11-02,10,5,9,1,10,Upcoming
946,Advanced OLED Panel V946,Robotics,2027-08-01,4,6,4,9,3,Research
947,Predictive Maintenance V947,Edge Computing,2027-08-08,7,4,8,6,5,Research
948,5G Enabled Smart Device V948,AI,2027-09-15,5,6,5,10,10,Upcoming
949,AR Appliance Interface V949,Display Technology,2028-04-10,5,6,6,8,7,Research
950,Matter Smart Home Support V950,Connectivity,2027-10-19,10,6,3,8,8,Upcoming
951,Digital Twin Home Simulation V951,Firmware,2027-08-11,6,10,4,8,9,Commercial
952,Cloud Connected Appliance V952,Sustainability,2026-10-11,6,5,9,5,7,Pilot
953,Biometric Access Control V953,Audio,2027-06-28,10,5,2,7,4,Research
954,Voice Assistant Integration V954,Sustainability,2028-04-29,6,5,5,3,2,Commercial
955,Digital Twin Home Simulation V955,Firmware,2027-01-01,10,6,3,1,2,Pilot
956,Home Automation Gateway V956,Security,2027-04-23,6,9,2,8,10,Pilot
957,Gesture Control Interface V957,5G Integration,2026-10-15,5,6,9,1,6,Pilot
958,Smart Refrigerator Food Detection V958,Display Technology,2026-10-21,10,5,9,1,4,Upcoming
959,Sustainable Energy Recovery V959,Automation,2028-02-01,7,8,4,8,5,Commercial
960,AI Washing Cycle Optimization V960,Robotics,2026-11-02,10,7,7,5,1,Upcoming
961,Smart Refrigerator Food Detection V961,Audio,2027-05-30,4,6,8,5,5,Pilot
962,AI-Powered HVAC Control V962,Sustainability,2026-07-31,5,8,5,7,2,Pilot
963,AI Smart TV Recommendation V963,Audio,2027-01-12,6,7,8,10,7,Research
964,AI-Powered HVAC Control V964,Edge Computing,2027-04-03,9,7,7,7,4,Commercial
965,Voice Assistant Integration V965,IoT,2028-01-08,9,4,8,9,8,Research
966,Bluetooth 5.4 V966,Audio,2026-09-04,7,10,2,2,6,Commercial
967,Security Firmware Update V967,5G Integration,2026-08-20,4,8,3,4,1,Upcoming
968,Sustainable Energy Recovery V968,Automation,2028-03-29,4,5,4,7,7,Research
969,Matter Smart Home Support V969,Sustainability,2027-12-11,5,4,2,8,4,Research
970,Home Automation Gateway V970,Security,2028-01-22,5,5,3,4,5,Pilot
971,AI-Based Fault Detection V971,5G Integration,2028-01-20,10,7,5,6,2,Commercial
972,Voice Assistant Integration V972,Robotics,2027-10-11,8,7,4,3,2,Research
973,Neural Processing Unit Integration V973,Robotics,2027-01-03,4,9,5,6,8,Upcoming
974,Self-Healing Firmware V974,Smart Home,2026-07-11,7,8,7,1,1,Upcoming
975,Wi-Fi 7 Connectivity V975,Cloud Computing,2026-08-15,9,5,7,5,5,Research
976,Security Firmware Update V976,Firmware,2026-08-15,5,5,7,4,9,Pilot
977,Predictive Maintenance V977,Display Technology,2027-02-22,9,10,4,5,3,Pilot
978,Mini LED Display Enhancement V978,Edge Computing,2027-12-28,7,5,5,9,7,Pilot
979,5G Enabled Smart Device V979,Audio,2027-07-12,8,8,5,10,1,Pilot
980,Energy Efficient Compressor V980,Cloud Computing,2027-09-03,4,6,7,1,5,Upcoming
981,Biometric Access Control V981,Sustainability,2026-07-19,8,9,9,8,4,Commercial
982,Matter Smart Home Support V982,Home Appliance,2027-09-24,6,6,3,7,7,Commercial
983,AI Noise Cancellation V983,Sustainability,2026-10-12,9,8,9,4,1,Commercial
984,Voice Assistant Integration V984,Energy Efficiency,2027-05-23,4,8,5,7,6,Commercial
985,Smart Refrigerator Food Detection V985,Sustainability,2027-12-09,4,6,6,2,7,Commercial
986,Smart Diagnosis Feature V986,Firmware,2027-11-18,10,8,2,10,4,Pilot
987,Gesture Control Interface V987,Sustainability,2027-01-27,4,10,2,5,6,Pilot
988,Wi-Fi 7 Connectivity V988,Display Technology,2028-03-06,6,4,2,4,6,Research
989,Edge AI Device Processing V989,AI,2027-05-01,8,5,9,7,6,Research
990,AI Noise Cancellation V990,AI,2026-09-29,7,10,5,8,5,Pilot
991,Smart Diagnosis Feature V991,Edge Computing,2027-10-07,8,10,9,8,4,Upcoming
992,Biometric Access Control V992,Security,2027-09-01,10,6,3,7,2,Pilot
993,Mini LED Display Enhancement V993,Display Technology,2028-03-02,5,7,3,6,3,Pilot
994,AI-Powered HVAC Control V994,Connectivity,2027-11-14,9,4,9,9,7,Commercial
995,Quantum Dot Display V995,Cloud Computing,2027-06-07,8,4,7,8,3,Research
996,Low Power IoT Sensor V996,IoT,2026-07-02,8,5,8,4,3,Research
997,Mini LED Display Enhancement V997,Cloud Computing,2026-12-10,9,7,3,1,6,Upcoming
998,Cloud Connected Appliance V998,Smart Home,2027-04-07,7,9,8,8,4,Upcoming
999,Smart Energy Monitoring V999,Security,2027-06-02,8,4,6,7,9,Commercial
1000,Digital Twin Home Simulation V1000,Robotics,2026-08-10,9,4,4,4,3,Commercial
